Tweet_id,Datetime,Location,Lang,Query,Labels
1666784944645980161,2023-06-08 12:31:12+00:00,,pt,itau,"[0.0, 1.0, 1.0, 1.0, 1.0]"
1666750899937574912,2023-06-08 10:15:55+00:00,,pt,itau,"[1.0, 0.0, 1.0, 0.0]"
1666633917770637312,2023-06-08 02:31:05+00:00,Rio de Janeiro,pt,itau,"[0.0, 0.0, 1.0, -1.0]"
1666602561821118464,2023-06-08 00:26:29+00:00,027,pt,itau,"[1.0, 0.0, 1.0, 1.0]"
1666590966805929984,2023-06-07 23:40:24+00:00,"Rio de Janeiro, Brasil",pt,itau,"[1.0, 1.0, 1.0]"
1666584033826930688,2023-06-07 23:12:51+00:00,S√£o Paulo,pt,itau,"[-1.0, 0.0, 1.0, 1.0]"
1666534196045656064,2023-06-07 19:54:49+00:00,Rio de Janeiro,pt,itau,"[-1.0, -1.0, -1.0, -1.0]"
1666466485672325128,2023-06-07 15:25:46+00:00,,pt,itau,"[-1.0, 0.0, 0.0, 0.0]"
1666251390929215488,2023-06-07 01:11:03+00:00,Buenos Aires,pt,itau,"[-1.0, 0.0, -1.0, -1.0]"
1666212280856371215,2023-06-06 22:35:39+00:00,"Rio de Janeiro, Brasil",pt,itau,"[-1.0, -1.0, -1.0, -1.0]"
1666168413415170048,2023-06-06 19:41:20+00:00,,pt,itau,"[0.0, 0.0, 0.0, 0.0, 0.0]"
1666158337438646307,2023-06-06 19:01:18+00:00,Powered by @MIBR,pt,itau,"[0.0, 0.0, 0.0, 0.0, 0.0]"
1666082214734602247,2023-06-06 13:58:48+00:00,,pt,itau,"[-1.0, -1.0, -1.0, -1.0, -1.0]"
1666073960075886593,2023-06-06 13:26:00+00:00,,pt,itau,"[-1.0, 0.0, -1.0, -1.0, -1.0]"
1666032076905168897,2023-06-06 10:39:35+00:00,Vit√≥ria - Brasil,pt,itau,"[-1.0, 0.0, -1.0, -1.0]"
1666028938231967744,2023-06-06 10:27:06+00:00,,pt,itau,"[-1.0, -1.0, -1.0, -1.0]"
1665859039782117377,2023-06-05 23:11:59+00:00,"Paranagu√°, Brasil",pt,itau,"[-1.0, -1.0, -1.0, -1.0]"
1665820756972806146,2023-06-05 20:39:52+00:00,,pt,itau,"[0.0, 0.0, 0.0, 0.0]"
1665778301544148992,2023-06-05 17:51:10+00:00,,pt,itau,"[0.0, 0.0, -1.0, -1.0]"
1665731753070190592,2023-06-05 14:46:12+00:00,,pt,itau,"[0.0, 0.0, 0.0, 0.0, 1.0]"
1665012874295623685,2023-06-03 15:09:38+00:00,,pt,itau,"[0.0, 0.0, -1.0]"
1664811147952881665,2023-06-03 01:48:03+00:00,,pt,itau,"[0.0, 0.0, 0.0, 0.0]"
1664496953495830528,2023-06-02 04:59:33+00:00,"S√£o Paulo, Brasil",pt,itau,"[0.0, 0.0, 0.0, 0.0]"
1664279951875641347,2023-06-01 14:37:16+00:00,,pt,itau,"[0.0, 0.0, 0.0, 0.0]"
1667333068267372545,2023-06-10 00:49:15+00:00,"Vit√≥ria, Brazil",pt,bradesco,"[-1.0, -1.0, -1.0, -1.0]"
1667332784430407685,2023-06-10 00:48:08+00:00,,pt,bradesco,"[0.0, 0.0, 0.0, 0.0, 0.0]"
1666823859570372609,2023-06-08 15:05:50+00:00,Brasil,pt,bradesco,"[0.0, 0.0, 0.0]"
1666508304510492679,2023-06-07 18:11:56+00:00,Pernambucana que s√≥ üå¥,pt,bradesco,"[-1.0, -1.0, -1.0, -1.0]"
1667285380171702274,2023-06-09 21:39:45+00:00,Brasil,pt,santander,"[0.0, 0.0, 0.0, 0.0]"
1666842117187026952,2023-06-08 16:18:23+00:00,Brasil,pt,santander,"[-1.0, -1.0, -1.0, -1.0, -1.0]"
1666621686693736448,2023-06-08 01:42:29+00:00,,pt,santander,"[-1.0, -1.0, -1.0, -1.0, -1.0]"
1666246611003908097,2023-06-07 00:52:04+00:00,"S√£o Paulo, Brasil",pt,santander,"[0.0, -1.0, -1.0]"
1666191781698977793,2023-06-06 21:14:11+00:00,"Fortaleza, Brazil",pt,santander,"[0.0, 0.0, 0.0]"
1666112720960356355,2023-06-06 16:00:02+00:00,Mogi das Cruzes,pt,santander,"[-1.0, -1.0, -1.0, -1.0, -1.0]"
1666053598961123328,2023-06-06 12:05:06+00:00,"Santos, SP.",pt,santander,"[-1.0, 0.0, 0.0, -1.0]"
1665127151241158656,2023-06-03 22:43:44+00:00,S√£o Paulo,pt,santander,"[0.0, 0.0, 1.0, 0.0, 1.0]"
1664619884892889088,2023-06-02 13:08:02+00:00,,pt,santander,"[-1.0, 0.0, -1.0, -1.0]"
1663659817573949442,2023-05-30 21:33:04+00:00,agosss,es,santander,"[1.0, 1.0, 1.0, 1.0, 1.0]"
1662000921407004672,2023-05-26 07:41:12+00:00,,it,santander,"[0.0, 0.0, 0.0]"
1661426009424494609,2023-05-24 17:36:43+00:00,,pt,santander,"[-1.0, -1.0, -1.0, -1.0, -1.0]"
1667283232889479169,2023-06-09 21:31:14+00:00,,pt,nubank,"[-1.0, 0.0, -1.0, -1.0]"
1667160985168228352,2023-06-09 13:25:27+00:00,"Recife, Brasil",pt,nubank,"[-1.0, -1.0, -1.0, -1.0]"
1666904975035752454,2023-06-08 20:28:10+00:00,,pt,nubank,"[1.0, 0.0, -1.0, 0.0]"
1666886618165178368,2023-06-08 19:15:13+00:00,,pt,nubank,"[0.0, 0.0, -1.0, 0.0, 0.0]"
1666838131163766787,2023-06-08 16:02:33+00:00,,pt,nubank,"[0.0, 1.0, 1.0, 1.0, 0.0]"
1666825715570835456,2023-06-08 15:13:13+00:00,"S√£o Paulo, SP",pt,nubank,"[0.0, 0.0, 0.0, 1.0, 0.0]"
1666809940592451586,2023-06-08 14:10:32+00:00,,pt,nubank,"[-1.0, 0.0, 0.0, -1.0]"
1666783303037272065,2023-06-08 12:24:41+00:00,"cama√ßari, bahia",pt,nubank,"[-1.0, -1.0, -1.0, 1.0]"
1666660422676561921,2023-06-08 04:16:24+00:00,"Itabuna ou Una, depende",pt,nubank,"[0.0, 0.0, 1.0, 1.0]"
1666640000597852162,2023-06-08 02:55:15+00:00,Rio de Janeiro,pt,nubank,"[0.0, 0.0, 1.0]"
1666638442833256448,2023-06-08 02:49:04+00:00,Brasil,pt,nubank,"[0.0, 0.0, 0.0, 1.0]"
1666617430863405056,2023-06-08 01:25:34+00:00,Brazil,pt,nubank,"[0.0, 0.0, 0.0, 1.0]"
1666584466494455808,2023-06-07 23:14:35+00:00,ela;dela - tenho 19 anos,pt,nubank,"[0.0, -1.0, -1.0]"
1666541240848900098,2023-06-07 20:22:49+00:00,,pt,nubank,"[0.0, 0.0, 0.0, -1.0]"
1666509086492336147,2023-06-07 18:15:03+00:00,"Resende, Rj",pt,nubank,"[0.0, 0.0, 0.0, -1.0, 0.0]"
1665822426326810624,2023-06-05 20:46:30+00:00,ba,pt,nubank,"[-1.0, -1.0, -1.0, -1.0, -1.0]"
1665443295395209218,2023-06-04 19:39:58+00:00,üå¨Ô∏è‚õÑ ,pt,nubank,"[-1.0, -1.0, 0.0, 1.0]"
1665433101844074503,2023-06-04 18:59:28+00:00,Heitor Victor  27/04/19 üë©‚Äçüë¶,pt,nubank,"[0.0, 0.0, 0.0, 0.0]"
1664836180918034432,2023-06-03 03:27:31+00:00,,pt,nubank,"[-1.0, -1.0, -1.0, -1.0]"
1664745681397903360,2023-06-02 21:27:54+00:00,,pt,nubank,"[1.0, 0.0, -1.0, -1.0]"
1664699464412549121,2023-06-02 18:24:15+00:00,BH / Brazil,pt,nubank,"[0.0, -1.0, -1.0, -1.0, -1.0]"
1664686923825152026,2023-06-02 17:34:25+00:00,"S√£o Paulo, Brasil",pt,nubank,"[0.0, 0.0, 0.0]"
1664668826322059264,2023-06-02 16:22:30+00:00,"Maring√°, Brasil",pt,nubank,"[0.0, 0.0, 0.0, 0.0, 0.0]"
1664666155292717057,2023-06-02 16:11:54+00:00,"Rio de Janeiro, Brasil",pt,nubank,"[0.0, -1.0, -1.0, -1.0]"
1664646789385912320,2023-06-02 14:54:56+00:00,,pt,nubank,"[0.0, 0.0, 0.0, 0.0]"
1664566597393031169,2023-06-02 09:36:17+00:00,,pt,nubank,"[-1.0, -1.0, -1.0, -1.0, -1.0]"
1664505366783074305,2023-06-02 05:32:59+00:00,olhinhos do jake,pt,nubank,"[0.0, 0.0, -1.0, 0.0]"
1666502785305550849,2023-06-07 17:50:00+00:00,"S√£o Paulo, Brasil",pt,interbr,"[-1.0, -1.0, -1.0, -1.0, -1.0]"
1666452266579107840,2023-06-07 14:29:16+00:00,,pt,interbr,"[0.0, 0.0, 0.0, 0.0, 0.0]"
1665414706582937604,2023-06-04 17:46:22+00:00,,pt,interbr,"[0.0, 0.0, 0.0, 0.0]"
1665021746351599622,2023-06-03 15:44:53+00:00,hadid,pt,interbr,"[1.0, 0.0, 0.0, 1.0]"
1663985298542346258,2023-05-31 19:06:25+00:00,"Vassouras,Rj",pt,interbr,"[-1.0, 0.0, 0.0, -1.0]"
1663316774975074305,2023-05-29 22:49:56+00:00,Campina Grande - Para√≠ba,pt,interbr,"[-1.0, -1.0, -1.0, 0.0, -1.0]"
1662457392284549121,2023-05-27 13:55:03+00:00,"Esp√≠rito Santo, Brasil",pt,interbr,"[0.0, 0.0, 0.0, -1.0, 0.0]"
1662082423813820417,2023-05-26 13:05:04+00:00,"Indaiatuba, Brasil",pt,interbr,"[0.0, 0.0, 0.0, 0.0]"
1661496895036956675,2023-05-24 22:18:23+00:00,Juiz de Fora_Brasil,pt,interbr,"[-1.0, -1.0, -1.0, -1.0, -1.0]"
1659775847287476225,2023-05-20 04:19:33+00:00,Brasil,pt,interbr,"[0.0, 0.0, -1.0, -1.0]"
1659242534348943360,2023-05-18 17:00:22+00:00,Recife-PE,pt,interbr,"[0.0, 0.0, 0.0, 0.0]"
1659208949948907520,2023-05-18 14:46:54+00:00,brasil,pt,interbr,"[-1.0, -1.0, 0.0]"
1659179179261284353,2023-05-18 12:48:37+00:00,World Wide Web,pt,interbr,"[0.0, 0.0, -1.0, -1.0, 0.0]"
1659034501861761024,2023-05-18 03:13:43+00:00,,pt,interbr,"[0.0, 0.0, 0.0, 0.0]"
1656433532732862464,2023-05-10 22:58:23+00:00,"S√£o Paulo, Brasil",pt,interbr,"[-1.0, 0.0, 0.0, -1.0]"
1654315914785968130,2023-05-05 02:43:44+00:00,Always on the road,pt,interbr,"[-1.0, 0.0, 0.0, -1.0]"
1653933459428065284,2023-05-04 01:23:59+00:00,,pt,interbr,"[0.0, 0.0, 0.0]"
1652442387107524616,2023-04-29 22:39:00+00:00,"Belo Horizonte, Brasil",pt,interbr,"[-1.0, 0.0, 0.0, -1.0]"
1650596255960055808,2023-04-24 20:23:08+00:00,"Pernambuco, Brasil",pt,interbr,"[0.0, 1.0, -1.0, 1.0]"
1667328483247177731,2023-06-10 00:31:02+00:00,"S√£o Paulo, Brasil",pt,banco pan,"[0.0, -1.0, 0.0, 0.0]"
1666810942464868355,2023-06-08 14:14:31+00:00,,pt,banco pan,"[-1.0, -1.0, -1.0, -1.0, -1.0]"
1666107915940376576,2023-06-06 15:40:56+00:00,,pt,banco pan,"[0.0, 0.0, -1.0, -1.0]"
1665868973047533568,2023-06-05 23:51:28+00:00,,pt,banco pan,"[0.0, -1.0, 0.0, -1.0]"
1658044002292187136,2023-05-15 09:37:49+00:00,"S√£o Paulo, Brasil",pt,banco pan,"[0.0, 0.0, 0.0, 0.0, 0.0]"
1654594988569657346,2023-05-05 21:12:40+00:00,brazil ,pt,banco pan,"[-1.0, -1.0, -1.0, -1.0, -1.0]"
1612981074736435200,2023-01-11 01:13:50+00:00,028,pt,sofisadireto,"[0.0, 0.0, 0.0]"
1600460222233018368,2022-12-07 12:00:26+00:00,"Todo o Brasil, via Internet",pt,sofisadireto,"[0.0, 0.0, 0.0, 0.0, 0.0]"
1470522009901838338,2021-12-13 22:32:22+00:00,"Todo o Brasil, via Internet",pt,sofisadireto,"[1.0, 0.0, 0.0, 0.0]"
1659242330489077762,2023-05-18 16:59:33+00:00,,pt,brb_oficial,"[1.0, 0.0, 0.0, 0.0]"
1646884397130428418,2023-04-14 14:33:32+00:00,"Bras√≠lia, Brasil",pt,brb_oficial,"[0.0, 0.0, 0.0, 0.0, 0.0]"
1641878313961508884,2023-03-31 19:01:09+00:00,,pt,brb_oficial,"[-1.0, -1.0, -1.0, 0.0]"
1638975523492622357,2023-03-23 18:46:30+00:00,"Bras√≠lia, Brasil",pt,brb_oficial,"[0.0, 0.0, 0.0, 0.0, 0.0]"
1636083114895187972,2023-03-15 19:13:06+00:00,"Contagem, Brasil",pt,brb_oficial,"[-1.0, 0.0, 0.0, -1.0]"
1625867707517218818,2023-02-15 14:40:43+00:00,"Bras√≠lia, Brasil",pt,brb_oficial,"[0.0, 0.0, 0.0, 0.0]"
1621292679840645126,2023-02-02 23:41:11+00:00,"S√£o Paulo, Brasil",pt,brb_oficial,"[-1.0, -1.0, -1.0, -1.0, -1.0]"
1621120740798996482,2023-02-02 12:17:58+00:00,"Natal, Rio grande do Norte",pt,brb_oficial,"[0.0, 0.0, 0.0, 0.0]"
1620510972892037125,2023-01-31 19:54:58+00:00,.,pt,brb_oficial,"[-1.0, -1.0, -1.0, -1.0]"
1620259568067686400,2023-01-31 03:15:58+00:00,,pt,brb_oficial,"[-1.0, -1.0, -1.0, -1.0]"
1618211334163959808,2023-01-25 11:37:01+00:00,i√ßara,pt,brb_oficial,"[0.0, -1.0, -1.0, -1.0]"
1618205601598935041,2023-01-25 11:14:14+00:00,"Sao Paulo, Brazil",pt,brb_oficial,"[-1.0, -1.0, -1.0, -1.0]"
1617943712147075076,2023-01-24 17:53:35+00:00,Goi√¢nia ,pt,brb_oficial,"[-1.0, -1.0, -1.0, 0.0]"
1617876617858256896,2023-01-24 13:26:59+00:00,,pt,brb_oficial,"[0.0, 0.0, -1.0, 1.0, -1.0]"
1617868437770076165,2023-01-24 12:54:28+00:00,"S√£o Paulo, Brasil",pt,brb_oficial,"[-1.0, -1.0, -1.0, -1.0]"
1617855367463206913,2023-01-24 12:02:32+00:00,"S√£o Vicente, Brasil",pt,brb_oficial,"[-1.0, -1.0, -1.0, -1.0]"
1617818263085527041,2023-01-24 09:35:06+00:00,Brasil,pt,brb_oficial,"[-1.0, 0.0, 0.0, 0.0, 0.0]"
1617663430219173889,2023-01-23 23:19:51+00:00,Rio De Janeiro - RJ,pt,brb_oficial,"[-1.0, 0.0, 0.0, -1.0]"
1617564555865128961,2023-01-23 16:46:57+00:00,,pt,brb_oficial,"[-1.0, -1.0, -1.0, -1.0, -1.0]"
1617513336001957888,2023-01-23 13:23:25+00:00,"Rio de Janeiro, Brasil",pt,brb_oficial,"[0.0, 0.0, 0.0, 0.0, 0.0]"
1617353984091774977,2023-01-23 02:50:13+00:00,Brazil,pt,brb_oficial,"[-1.0, -1.0, 0.0, -1.0, -1.0]"
1617203324465434626,2023-01-22 16:51:33+00:00,"Rio de Janeiro, Brasil",pt,brb_oficial,"[-1.0, -1.0, -1.0, -1.0]"
1617175378228903940,2023-01-22 15:00:30+00:00,"Salvador, Brasil",pt,brb_oficial,"[-1.0, -1.0, -1.0, -1.0]"
1616860742283677697,2023-01-21 18:10:15+00:00,"ANTI-HER√ìI, track 6 ",pt,brb_oficial,"[-1.0, -1.0, -1.0, -1.0, -1.0]"
1616858193056907265,2023-01-21 18:00:07+00:00,,pt,brb_oficial,"[0.0, 0.0, 0.0, 1.0]"
1616553060649807872,2023-01-20 21:47:38+00:00,"Porto Alegre, Brasil",pt,brb_oficial,"[0.0, 0.0, 0.0, 1.0, 1.0]"
1616529818442498064,2023-01-20 20:15:17+00:00,"Bras√≠lia, Brasil",pt,brb_oficial,"[0.0, 0.0, 0.0, 0.0]"
1616498955310796817,2023-01-20 18:12:38+00:00,S√£o Paulo,pt,brb_oficial,"[0.0, -1.0, -1.0, -1.0]"
1616496015468634113,2023-01-20 18:00:57+00:00,,pt,brb_oficial,"[0.0, 0.0, 0.0, 0.0, 0.0]"
1616436097650769922,2023-01-20 14:02:52+00:00,,pt,brb_oficial,"[0.0, 0.0, 0.0, 0.0, 0.0]"
1616299078811361282,2023-01-20 04:58:24+00:00,ùüèùüëùüéùüîùüèùüë ,pt,brb_oficial,"[0.0, 0.0, 0.0, 0.0]"
1613944916412960778,2023-01-13 14:03:48 -03,,pt,interbr,"[0.0, 0.0, 0.0, 0.0]"
1623074515294072834,2023-02-07 18:41:34 -03,,pt,banco pan,"[0.0, 0.0, 0.0, 0.0, 0.0]"
1622297086749188097,2023-02-05 15:12:20 -03,,pt,nubank,"[0.0, 1.0, 1.0, 1.0]"
1614022859663282183,2023-01-13 19:13:31 -03,,pt,banco pan,"[0.0, -1.0, 1.0, 1.0, 0.0]"
1615746226690969600,2023-01-18 13:21:34 -03,,pt,nubank,"[-1.0, 0.0, -1.0, -1.0]"
1601234631646679042,2022-12-09 12:17:40 -03,,pt,nubank,"[0.0, 0.0, 0.0]"
1595415884000002050,2022-11-23 10:56:02 -03,,pt,nubank,"[-1.0, -1.0, -1.0]"
1623400587390844928,2023-02-08 16:17:16 -03,,pt,nubank,"[0.0, 0.0, 0.0, 0.0, 1.0]"
1605699372733407232,2022-12-21 19:58:57 -03,,pt,banco pan,"[0.0, 0.0, 0.0, 0.0]"
1597271945040793601,2022-11-28 13:51:22 -03,,pt,itau,"[1.0, 1.0, 1.0, 1.0]"
1612917030444826625,2023-01-10 17:59:21 -03,,pt,itau,"[0.0, 0.0, 0.0, 0.0, 0.0]"
1609224819748360194,2022-12-31 13:27:49 -03,,pt,bradesco,"[-1.0, -1.0, 0.0, -1.0]"
1613930930019737603,2023-01-13 13:08:13 -03,,pt,banco do brasil,"[0.0, 0.0, 0.0]"
1597353275124486145,2022-11-28 19:14:32 -03,,pt,banco do brasil,"[-1.0, -1.0, -1.0, -1.0]"
1612575440828350464,2023-01-09 19:21:59 -03,,pt,bradesco,"[0.0, 0.0, 0.0, -1.0]"
1595125200127168512,2022-11-22 15:40:58 -03,,pt,nubank,"[-1.0, 0.0, -1.0, -1.0]"
1617650784585515010,2023-01-23 19:29:36 -03,,pt,interbr,"[1.0, 1.0, 0.0, 1.0, 1.0]"
1596116919224266753,2022-11-25 09:21:42 -03,,pt,nubank,"[-1.0, -1.0, -1.0, -1.0]"
1606122001378119680,2022-12-22 23:58:20 -03,,pt,nubank,"[0.0, 0.0, 0.0, 0.0]"
1623413126203949058,2023-02-08 17:07:05 -03,,pt,itau,"[-1.0, -1.0, -1.0, -1.0, -1.0]"
1612468959982530560,2023-01-09 12:18:52 -03,,pt,bradesco,"[-1.0, -1.0, -1.0, 0.0]"
1646322321815224322,2023-04-12 22:20:03 -03,,pt,bradesco,"[-1.0, 0.0, 0.0, 1.0]"
1612502191276757025,2023-01-09 14:30:55 -03,,pt,bradesco,"[-1.0, 0.0, -1.0, -1.0]"
1645093760793993216,2023-04-09 12:58:11 -03,,pt,bradesco,"[0.0, 0.0, -1.0, 0.0]"
1617543838683533315,2023-01-23 12:24:38 -03,,pt,nubank,"[0.0, -1.0, -1.0, -1.0, -1.0]"
1596179079333662722,2022-11-25 13:28:42 -03,,pt,nubank,"[1.0, 1.0, 1.0, 0.0]"
1645918867871391744,2023-04-11 19:36:52 -03,,pt,nubank,"[0.0, 0.0, 0.0, -1.0]"
1622674468584792081,2023-02-06 16:11:55 -03,,pt,nubank,"[0.0, 0.0, 0.0, 0.0, 0.0]"
1613361348586491906,2023-01-11 23:24:54 -03,,pt,interbr,"[0.0, -1.0, -1.0]"
1614779653692035072,2023-01-15 21:20:45 -03,,pt,nubank,"[0.0, 0.0, -1.0, -1.0]"
1620105114047614976,2023-01-30 14:02:13 -03,,pt,itau,"[-1.0, 0.0, -1.0, -1.0]"
1594848216188608513,2022-11-21 21:20:20 -03,,pt,nubank,"[0.0, 0.0, 0.0, 0.0]"
1610056067144187904,2023-01-02 20:30:54 -03,,pt,banco do brasil,"[-1.0, -1.0, -1.0, -1.0]"
1606643446831251456,2022-12-24 10:30:22 -03,,pt,nubank,"[0.0, 0.0, 0.0, 0.0]"
1597277279549550592,2022-11-28 14:12:34 -03,,pt,itau,"[1.0, 1.0, 0.0, 0.0]"
1645595947085312000,2023-04-10 22:13:42 -03,,pt,nubank,"[0.0, 0.0, -1.0, 0.0, 0.0]"
1601043021113733120,2022-12-08 23:36:16 -03,,pt,interbr,"[-1.0, -1.0, -1.0, -1.0]"
1596880282640343040,2022-11-27 11:55:02 -03,,pt,nubank,"[0.0, 0.0, 0.0, 0.0]"
1610321820678344705,2023-01-03 14:06:55 -03,,pt,nubank,"[-1.0, -1.0, -1.0, -1.0]"
1606327103787606019,2022-12-23 13:33:20 -03,,pt,banco do brasil,"[1.0, 1.0, 1.0, 1.0]"
1613667735241719808,2023-01-12 19:42:23 -03,,pt,banco do brasil,"[0.0, -1.0, 0.0, 0.0]"
1621894255349301250,2023-02-04 12:31:38 -03,,pt,nubank,"[0.0, 0.0, 0.0, 1.0, 0.0]"
1605702336185176064,2022-12-21 20:10:44 -03,,pt,nubank,"[1.0, 1.0, 0.0, 1.0]"
1606719931097161728,2022-12-24 15:34:17 -03,,pt,banco do brasil,"[0.0, 0.0, 0.0, 0.0, 0.0]"
1611780780790878213,2023-01-07 14:44:18 -03,,pt,nubank,"[-1.0, -1.0, -1.0]"
1599873557986697220,2022-12-05 18:09:15 -03,,pt,nubank,"[0.0, 0.0, 0.0, 1.0, 0.0]"
1645184367843500032,2023-04-09 18:58:13 -03,,pt,bradesco,"[0.0, 0.0, 0.0, 0.0, 0.0]"
1597280273082638337,2022-11-28 14:24:27 -03,,pt,nubank,"[-1.0, -1.0, -1.0]"
1623325077881118721,2023-02-08 11:17:13 -03,,pt,santander,"[-1.0, 0.0, -1.0]"
1601897823150432256,2022-12-11 08:12:57 -03,,pt,nubank,"[-1.0, -1.0, -1.0, -1.0]"
1605308703611445248,2022-12-20 18:06:34 -03,,pt,itau,"[0.0, 0.0, 0.0, 0.0]"
1646146095905492994,2023-04-12 10:39:47 -03,,pt,nubank,"[1.0, 0.0, 0.0, 1.0]"
1613358402490568704,2023-01-11 23:13:12 -03,,pt,nubank,"[0.0, 0.0, 0.0, 0.0]"
1594798809871261696,2022-11-21 18:04:00 -03,,pt,nubank,"[0.0, 0.0, 0.0, 0.0]"
1622978187872333825,2023-02-07 12:18:48 -03,,pt,nubank,"[0.0, -1.0, 0.0]"
1609955450728116226,2023-01-02 13:51:05 -03,,pt,nubank,"[0.0, 0.0, 0.0, -1.0]"
1595120404762595329,2022-11-22 15:21:55 -03,,pt,nubank,"[-1.0, 0.0, -1.0, -1.0]"
1600556317457932288,2022-12-07 15:22:17 -03,,pt,itau,"[-1.0, -1.0, -1.0, 0.0]"
1647357443117023237,2023-04-15 18:53:15 -03,,pt,nubank,"[-1.0, 0.0, -1.0, -1.0]"
1612446553314033666,2023-01-09 10:49:50 -03,,pt,bradesco,"[-1.0, 0.0, 0.0, -1.0]"
1602720580272377859,2022-12-13 14:42:18 -03,,pt,itau,"[-1.0, -1.0, -1.0, -1.0, -1.0]"
1613292959331504129,2023-01-11 18:53:09 -03,,pt,nubank,"[0.0, 0.0, -1.0, 0.0]"
1620803797676331009,2023-02-01 12:18:33 -03,,pt,nubank,"[-1.0, 0.0, 0.0, -1.0]"
1621530918115581952,2023-02-03 12:27:52 -03,,pt,nubank,"[1.0, 1.0, 1.0, 1.0]"
1612453936518119424,2023-01-09 11:19:11 -03,,pt,bradesco,"[-1.0, 0.0, -1.0, -1.0, -1.0]"
1621190222414331910,2023-02-02 13:54:03 -03,,pt,nubank,"[-1.0, 0.0, 0.0]"
1612315793009655811,2023-01-09 02:10:15 -03,,pt,itau,"[1.0, 1.0, 1.0, 1.0]"
1605636124549869568,2022-12-21 15:47:38 -03,,pt,nubank,"[1.0, 1.0, -1.0, -1.0]"
1599824821763731456,2022-12-05 14:55:35 -03,,pt,itau,"[0.0, 0.0, 1.0, 0.0]"
1597285699971338240,2022-11-28 14:46:01 -03,,pt,nubank,"[0.0, 0.0, 0.0, 0.0]"
1623652047877812230,2023-02-09 08:56:28 -03,,pt,itau,"[1.0, 0.0, 0.0, 0.0]"
1596574036271763456,2022-11-26 15:38:07 -03,,pt,nubank,"[0.0, 0.0, 0.0]"
1621836403473530881,2023-02-04 08:41:45 -03,,pt,itau,"[0.0, 0.0, 0.0, 0.0, 0.0]"
1623520496091275265,2023-02-09 00:13:44 -03,,pt,banco do brasil,"[-1.0, -1.0, -1.0, -1.0]"
1596247516139225089,2022-11-25 18:00:39 -03,,pt,nubank,"[0.0, 0.0, 1.0]"
1600121249883164672,2022-12-06 10:33:29 -03,,pt,nubank,"[-1.0, -1.0, -1.0, -1.0]"
1595559020219318276,2022-11-23 20:24:49 -03,,pt,nubank,"[0.0, 0.0, -1.0, 0.0]"
1602321540133146625,2022-12-12 12:16:39 -03,,pt,nubank,"[1.0, 1.0, 1.0, 1.0]"
1616516438646263813,2023-01-20 16:22:07 -03,,pt,nubank,"[0.0, 1.0, 0.0, 0.0, 0.0]"
1615763823830368257,2023-01-18 14:31:29 -03,,pt,nubank,"[0.0, 0.0, -1.0, 0.0]"
1623064044386267137,2023-02-07 17:59:57 -03,,pt,nubank,"[0.0, 0.0, 0.0]"
1595206022603358208,2022-11-22 21:02:07 -03,,pt,itau,"[0.0, 0.0, -1.0, 0.0]"
1612424480806027265,2023-01-09 09:22:08 -03,,pt,bradesco,"[0.0, 0.0, -1.0, 1.0, 0.0]"
1622982553803145218,2023-02-07 12:36:09 -03,,pt,bradesco,"[0.0, 0.0, 0.0]"
1600662608453210113,2022-12-07 22:24:39 -03,,pt,itau,"[1.0, 0.0, 0.0, -1.0]"
1618989816502431744,2023-01-27 12:10:26 -03,,pt,nubank,"[0.0, -1.0, -1.0, 0.0, 0.0]"
1608559022957015040,2022-12-29 17:22:11 -03,,pt,itau,"[0.0, 0.0, 0.0, 0.0]"
1621211930286346240,2023-02-02 15:20:19 -03,,pt,itau,"[0.0, 0.0, 0.0, -1.0, 0.0]"
1614072075479814149,2023-01-13 22:29:05 -03,,pt,itau,"[-1.0, -1.0, -1.0, -1.0]"
1623358323520073730,2023-02-08 13:29:19 -03,,pt,itau,"[-1.0, -1.0, 0.0, -1.0, -1.0]"
1620424613535838213,2023-01-31 11:11:48 -03,,pt,itau,"[0.0, 0.0, 0.0, 0.0]"
1647415889405399040,2023-04-15 22:45:30 -03,,pt,santander,"[0.0, -1.0, 0.0, 0.0]"
1609678367279783938,2023-01-01 19:30:03 -03,,pt,santander,"[0.0, 0.0, 0.0, 0.0]"
1601747923167252481,2022-12-10 22:17:18 -03,,pt,itau,"[0.0, 0.0, 0.0]"
1616395484842840064,2023-01-20 08:21:29 -03,,pt,itau,"[1.0, 0.0, 0.0, 1.0]"
1647597487601876993,2023-04-16 10:47:06 -03,,pt,nubank,"[-1.0, -1.0, -1.0, -1.0, 1.0]"
1601705382388256768,2022-12-10 19:28:16 -03,,pt,nubank,"[-1.0, 0.0, -1.0, 0.0]"
1612924990944321539,2023-01-10 18:30:59 -03,,pt,nubank,"[0.0, 0.0, 0.0, 0.0]"
1603130301655416837,2022-12-14 17:50:23 -03,,pt,bradesco,"[-1.0, -1.0, 0.0, -1.0]"
1618078899602329600,2023-01-24 23:50:46 -03,,pt,itau,"[-1.0, 0.0, 0.0, 1.0]"
1645595520608477184,2023-04-10 22:12:00 -03,,pt,nubank,"[-1.0, -1.0, -1.0, -1.0, -1.0]"
1615168212030705664,2023-01-16 23:04:44 -03,,pt,nubank,"[-1.0, 0.0, 0.0, -1.0]"
1623339266456559618,2023-02-08 12:13:35 -03,,pt,nubank,"[0.0, 0.0, 0.0, 0.0, 0.0]"
1602073960568463360,2022-12-11 19:52:51 -03,,pt,itau,"[-1.0, -1.0, -1.0, -1.0]"
1615497857657720832,2023-01-17 20:54:38 -03,,pt,banco pan,"[0.0, 0.0, 0.0, -1.0]"
1595537402235437056,2022-11-23 18:58:55 -03,,pt,itau,"[0.0, -1.0, -1.0, -1.0]"
1645183073556869121,2023-04-09 18:53:05 -03,,pt,nubank,"[0.0, 0.0, 0.0, 0.0]"
1620594779850674179,2023-01-31 22:27:59 -03,,pt,santander,"[-1.0, -1.0, 0.0, -1.0]"
1620415045959307273,2023-01-31 10:33:47 -03,,pt,itau,"[-1.0, -1.0, -1.0, -1.0, -1.0]"
1595101347724025858,2022-11-22 14:06:11 -03,,pt,banco pan,"[0.0, 0.0, -1.0, -1.0, 0.0]"
1646606313953153029,2023-04-13 17:08:32 -03,,pt,itau,"[1.0, 0.0, 0.0, 1.0]"
1613947793927802892,2023-01-13 14:15:14 -03,,pt,santander,"[-1.0, 0.0, -1.0, 0.0]"
1613746890507538432,2023-01-13 00:56:55 -03,,pt,itau,"[-1.0, -1.0, 0.0, -1.0]"
1600572909365379094,2022-12-07 16:28:13 -03,,pt,itau,"[0.0, 0.0, 0.0, 0.0, 0.0]"
1621670690448441344,2023-02-03 21:43:16 -03,,pt,itau,"[-1.0, -1.0, -1.0, -1.0, -1.0]"
1605206258105126916,2022-12-20 11:19:29 -03,,pt,itau,"[0.0, 0.0, 0.0]"
1612490574770147329,2023-01-09 13:44:46 -03,,pt,santander,"[0.0, 0.0, 0.0, 1.0, 0.0]"
1595524783000911872,2022-11-23 18:08:46 -03,,pt,nubank,"[0.0, 0.0, 0.0, 0.0]"
1606328697245425670,2022-12-23 13:39:40 -03,,pt,interbr,"[0.0, -1.0, 0.0, -1.0]"
1612605817685147650,2023-01-09 21:22:42 -03,,pt,itau,"[-1.0, 0.0, -1.0, -1.0]"
1605068363784491008,2022-12-20 02:11:33 -03,,pt,interbr,"[0.0, 0.0, 0.0, 0.0, 0.0]"
1597288975617904640,2022-11-28 14:59:02 -03,,pt,itau,"[1.0, 0.0, 0.0, 0.0]"
1595073488855105536,2022-11-22 12:15:29 -03,,pt,nubank,"[-1.0, 0.0, -1.0, -1.0]"
1621924685213466624,2023-02-04 14:32:33 -03,,pt,santander,"[0.0, 0.0, 0.0]"
1603107208845471745,2022-12-14 16:18:37 -03,,pt,nubank,"[0.0, -1.0, -1.0]"
1622706428732473354,2023-02-06 18:18:55 -03,,pt,interbr,"[-1.0, 0.0, 0.0, -1.0]"
1608622573943754762,2022-12-29 21:34:43 -03,"{'type': 'Point', 'coordinates': [-23.54558, -46.63401]}",pt,santander,"[1.0, 1.0, 0.0, 0.0]"
1645972961000660993,2023-04-11 23:11:49 -03,,pt,nubank,"[-1.0, -1.0, 0.0, -1.0]"
1606352654841544711,2022-12-23 15:14:52 -03,,pt,itau,"[-1.0, -1.0, -1.0, -1.0]"
1621592580801560582,2023-02-03 16:32:53 -03,,pt,nubank,"[-1.0, -1.0, -1.0, -1.0]"
1612924789055803394,2023-01-10 18:30:11 -03,,pt,nubank,"[0.0, 0.0, 0.0, 0.0]"
1614978627140993024,2023-01-16 10:31:24 -03,,pt,nubank,"[0.0, 0.0, 0.0, 0.0]"
1645541326434324485,2023-04-10 18:36:39 -03,,pt,bradesco,"[-1.0, -1.0, -1.0, -1.0, -1.0]"
1596195947704643584,2022-11-25 14:35:44 -03,,pt,itau,"[-1.0, -1.0, -1.0, -1.0]"
1603067030399328259,2022-12-14 13:38:58 -03,,pt,interbr,"[-1.0, 0.0, -1.0, -1.0]"
1616196504515129345,2023-01-19 19:10:48 -03,,pt,nubank,"[-1.0, -1.0, -1.0, -1.0]"
1613697673558691840,2023-01-12 21:41:21 -03,,pt,itau,"[-1.0, -1.0, -1.0, -1.0]"
1601343633013485570,2022-12-09 19:30:48 -03,,pt,nubank,"[-1.0, -1.0, -1.0, -1.0, -1.0]"
1612617848601612289,2023-01-09 22:10:30 -03,,pt,bradesco,"[0.0, 0.0, 0.0, 0.0]"
1622384923108675584,2023-02-05 21:01:22 -03,,pt,nubank,"[-1.0, 0.0, 0.0, -1.0]"
1602387204143210496,2022-12-12 16:37:35 -03,,pt,nubank,"[1.0, 0.0, 0.0, 1.0]"
1623854152425127936,2023-02-09 22:19:34 -03,,pt,santander,"[0.0, 0.0, -1.0]"
1602247776338853890,2022-12-12 07:23:32 -03,,pt,banco pan,"[0.0, 0.0, 0.0, 0.0, 0.0]"
1594757296957296640,2022-11-21 15:19:03 -03,,pt,nubank,"[0.0, 0.0, 0.0, 0.0]"
1595025934075285505,2022-11-22 09:06:31 -03,,pt,santander,"[-1.0, 0.0, 0.0, 0.0, -1.0]"
1621119600749588480,2023-02-02 09:13:26 -03,,pt,nubank,"[0.0, 0.0, 1.0, 1.0, -1.0]"
1613505600142610432,2023-01-12 08:58:07 -03,,pt,nubank,"[0.0, -1.0, 0.0]"
1645947282972450816,2023-04-11 21:29:47 -03,,pt,itau,"[0.0, 0.0, 0.0]"
1602483643213135873,2022-12-12 23:00:47 -03,,pt,nubank,"[0.0, 0.0, 0.0, 0.0]"
1606277983890599937,2022-12-23 10:18:09 -03,,pt,banco do brasil,"[0.0, 0.0, 0.0]"
1614400583921987584,2023-01-14 20:14:27 -03,,pt,bradesco,"[-1.0, -1.0, -1.0]"
1620102993273098265,2023-01-30 13:53:48 -03,,pt,itau,"[0.0, 0.0, 0.0, 0.0]"
1595591401827360769,2022-11-23 22:33:29 -03,,pt,nubank,"[0.0, 0.0, -1.0, 0.0]"
1615728517328650241,2023-01-18 12:11:11 -03,,pt,itau,"[1.0, -1.0, -1.0, -1.0]"
1623373644645732383,2023-02-08 14:30:12 -03,,pt,santander,"[0.0, 0.0, 0.0, 1.0, 0.0]"
1602067449536446467,2022-12-11 19:26:59 -03,,pt,santander,"[0.0, 0.0, 0.0, 0.0]"
1622587349040353282,2023-02-06 10:25:44 -03,,pt,interbr,"[0.0, 0.0, 0.0]"
1608806562193342464,2022-12-30 09:45:49 -03,,pt,santander,"[-1.0, -1.0, -1.0, -1.0]"
1611884444557754371,2023-01-07 21:36:13 -03,,pt,banco pan,"[0.0, 0.0, 0.0, 0.0]"
1608602240377573376,2022-12-29 20:13:55 -03,,pt,banco do brasil,"[1.0, 0.0, 1.0, 0.0]"
1614708649456439298,2023-01-15 16:38:36 -03,,pt,nubank,"[1.0, 1.0, 0.0, 0.0]"
1622578064608591874,2023-02-06 09:48:51 -03,,pt,interbr,"[0.0, 0.0, 0.0, 0.0]"
1595373296635240449,2022-11-23 08:06:49 -03,,pt,nubank,"[1.0, 0.0, 0.0, 0.0]"
1595075822548930563,2022-11-22 12:24:45 -03,,pt,itau,"[0.0, 0.0, 0.0, 0.0]"
1605999191234322433,2022-12-22 15:50:19 -03,,pt,itau,"[-1.0, -1.0, -1.0, -1.0, -1.0]"
1614981266507698176,2023-01-16 10:41:53 -03,,pt,itau,"[0.0, 0.0, 0.0, -1.0]"
1601371003929534464,2022-12-09 21:19:34 -03,,pt,itau,"[0.0, 0.0, -1.0, -1.0, 0.0]"
1603518157024534557,2022-12-15 19:31:35 -03,,pt,banco do brasil,"[0.0, -1.0, 0.0, 0.0]"
1614012530673831963,2023-01-13 18:32:28 -03,,pt,santander,"[0.0, 0.0, 0.0]"
1621716241483169793,2023-02-04 00:44:16 -03,,pt,nubank,"[0.0, -1.0, -1.0, -1.0, -1.0]"
1617412196417564672,2023-01-23 03:41:32 -03,,pt,nubank,"[-1.0, -1.0, -1.0, -1.0, -1.0]"
1595074401145606146,2022-11-22 12:19:06 -03,,pt,nubank,"[0.0, 0.0, 0.0, -1.0]"
1596520638470320134,2022-11-26 12:05:56 -03,,pt,nubank,"[-1.0, -1.0, -1.0, -1.0]"
1614736585324470272,2023-01-15 18:29:36 -03,,pt,nubank,"[-1.0, -1.0, -1.0, -1.0]"
1620596067644612615,2023-01-31 22:33:06 -03,,pt,nubank,"[0.0, 0.0, 0.0]"
1612536531704594432,2023-01-09 16:47:23 -03,,pt,bradesco,"[-1.0, -1.0, 0.0, -1.0]"
1594823629317054472,2022-11-21 19:42:38 -03,,pt,nubank,"[0.0, 0.0, -1.0, 0.0]"
1595118682111287297,2022-11-22 15:15:04 -03,,pt,bradesco,"[0.0, -1.0, -1.0, -1.0]"
1603072033877024768,2022-12-14 13:58:51 -03,,pt,nubank,"[-1.0, -1.0, -1.0, -1.0, -1.0]"
1614980701283094529,2023-01-16 10:39:38 -03,,pt,nubank,"[0.0, -1.0, -1.0, 1.0, -1.0]"
1622582853673394178,2023-02-06 10:07:53 -03,,pt,interbr,"[0.0, 0.0, 1.0, 1.0, 1.0]"
1595124159633555456,2022-11-22 15:36:50 -03,,pt,nubank,"[-1.0, 0.0, 0.0, 0.0]"
1601020169710895104,2022-12-08 22:05:28 -03,,pt,bradesco,"[0.0, 0.0, 0.0, 0.0]"
1613197157326004227,2023-01-11 12:32:28 -03,,pt,bradesco,"[-1.0, 0.0, 0.0, 0.0]"
1607724467538784258,2022-12-27 10:05:57 -03,,pt,itau,"[0.0, 0.0, -1.0, -1.0]"
1611443718988435466,2023-01-06 16:24:56 -03,,pt,itau,"[1.0, 0.0, 1.0, 1.0]"
1608818790493716481,2022-12-30 10:34:24 -03,,pt,itau,"[0.0, 0.0, 0.0, 1.0, 0.0]"
1607374232337498112,2022-12-26 10:54:15 -03,,pt,nubank,"[1.0, 1.0, 1.0, 1.0, 1.0]"
1596524973325447169,2022-11-26 12:23:10 -03,,pt,nubank,"[0.0, 0.0, 1.0, 0.0]"
1608637903953104896,2022-12-29 22:35:38 -03,,pt,banco pan,"[0.0, 0.0, 0.0, 0.0, 0.0]"
1620409345023545346,2023-01-31 10:11:08 -03,,pt,nubank,"[0.0, 0.0, 0.0, 0.0]"
1608833680025473026,2022-12-30 11:33:34 -03,,pt,banco do brasil,"[-1.0, -1.0, -1.0, -1.0]"
1604962365891567618,2022-12-19 19:10:21 -03,,pt,nubank,"[0.0, -1.0, -1.0, -1.0, -1.0]"
1596570092573233152,2022-11-26 15:22:27 -03,,pt,nubank,"[-1.0, -1.0, -1.0, -1.0]"
1616516403447664645,2023-01-20 16:21:58 -03,,pt,interbr,"[0.0, 0.0, -1.0]"
1623038087839248386,2023-02-07 16:16:49 -03,,pt,banco pan,"[0.0, 0.0, -1.0, -1.0]"
1619146141651828736,2023-01-27 22:31:37 -03,,pt,interbr,"[0.0, 0.0, 0.0, 1.0]"
1595210836359929862,2022-11-22 21:21:15 -03,,pt,nubank,"[0.0, 0.0, -1.0, 1.0, -1.0]"
1601625831477895168,2022-12-10 14:12:09 -03,,pt,itau,"[0.0, 0.0, -1.0, -1.0]"
1608820980067205120,2022-12-30 10:43:06 -03,,pt,interbr,"[0.0, 0.0, 0.0, 1.0, 0.0]"
1601015742031241217,2022-12-08 21:47:52 -03,,pt,nubank,"[0.0, -1.0, 0.0]"
1604874851042594816,2022-12-19 13:22:36 -03,,pt,nubank,"[-1.0, 0.0, 0.0, 0.0]"
1645593235463499776,2023-04-10 22:02:55 -03,,pt,nubank,"[1.0, 0.0, 0.0, 0.0]"
1612871317031686152,2023-01-10 14:57:42 -03,,pt,interbr,"[-1.0, -1.0, -1.0, -1.0]"
1614797813929345025,2023-01-15 22:32:54 -03,,pt,itau,"[0.0, 0.0, -1.0, 0.0]"
1607929030837260288,2022-12-27 23:38:49 -03,,pt,itau,"[-1.0, -1.0, -1.0, -1.0]"
1599851260555198464,2022-12-05 16:40:38 -03,,pt,nubank,"[0.0, 0.0, -1.0, 0.0]"
1600638250120626176,2022-12-07 20:47:51 -03,,pt,nubank,"[-1.0, -1.0, -1.0]"
1615003291284283392,2023-01-16 12:09:24 -03,,pt,nubank,"[0.0, -1.0, -1.0, 0.0, -1.0]"
1608827221921402881,2022-12-30 11:07:54 -03,,pt,banco do brasil,"[0.0, 0.0, 0.0]"
1601364368771338240,2022-12-09 20:53:12 -03,,pt,bradesco,"[-1.0, -1.0, -1.0, -1.0, -1.0]"
1600191085673791489,2022-12-06 15:10:59 -03,,pt,nubank,"[-1.0, 0.0, -1.0, -1.0, -1.0]"
1601945457428955136,2022-12-11 11:22:14 -03,,pt,nubank,"[-1.0, -1.0, -1.0, -1.0]"
1609319964652994562,2022-12-31 19:45:53 -03,,pt,santander,"[-1.0, -1.0, -1.0, -1.0]"
1617662066357338114,2023-01-23 20:14:25 -03,,pt,nubank,"[-1.0, 0.0, 0.0, -1.0, -1.0]"
1623765219204911105,2023-02-09 16:26:11 -03,,pt,santander,"[-1.0, -1.0, 0.0, -1.0]"
1601980725561098242,2022-12-11 13:42:22 -03,,pt,itau,"[-1.0, -1.0, -1.0, -1.0]"
1614943410422513664,2023-01-16 08:11:27 -03,,pt,nubank,"[-1.0, -1.0, -1.0, -1.0]"
1619704231014940678,2023-01-29 11:29:15 -03,,pt,bradesco,"[0.0, 0.0, 0.0, 0.0, 0.0]"
1599752170794258432,2022-12-05 10:06:54 -03,,pt,nubank,"[0.0, 0.0, 0.0, 0.0, 0.0]"
1612843331347963904,2023-01-10 13:06:30 -03,,pt,nubank,"[0.0, 0.0, 1.0, 1.0, 1.0]"
1608350231023738881,2022-12-29 03:32:31 -03,,pt,bradesco,"[0.0, 0.0, 0.0, -1.0]"
1621487310272446465,2023-02-03 09:34:35 -03,,pt,santander,"[-1.0, -1.0, -1.0, -1.0]"
1596869845387468809,2022-11-27 11:13:34 -03,,pt,itau,"[0.0, 0.0, 0.0, 0.0]"
1600668410450300928,2022-12-07 22:47:42 -03,,pt,nubank,"[-1.0, 0.0, 1.0, -1.0]"
1612941884644642817,2023-01-10 19:38:06 -03,,pt,bradesco,"[1.0, 1.0, -1.0, 0.0]"
1603499549837987841,2022-12-15 18:17:38 -03,,pt,nubank,"[1.0, 1.0, 1.0, -1.0]"
1623064390575722496,2023-02-07 18:01:20 -03,,pt,nubank,"[-1.0, -1.0, 0.0, -1.0]"
1599907922645254151,2022-12-05 20:25:48 -03,,pt,nubank,"[0.0, -1.0, -1.0, 1.0, 0.0]"
1612489941706997760,2023-01-09 13:42:15 -03,,pt,bradesco,"[-1.0, 0.0, 0.0, -1.0]"
1619555957662703616,2023-01-29 01:40:04 -03,,pt,banco pan,"[0.0, -1.0, 0.0, -1.0]"
1608558762201346048,2022-12-29 17:21:09 -03,,pt,interbr,"[0.0, -1.0, -1.0, -1.0, 0.0]"
1622648943296360449,2023-02-06 14:30:30 -03,,pt,interbr,"[-1.0, 0.0, -1.0, -1.0, -1.0]"
1595836017310851075,2022-11-24 14:45:30 -03,,pt,nubank,"[0.0, 0.0, 0.0, 0.0, 0.0]"
1611727475704315905,2023-01-07 11:12:29 -03,,pt,nubank,"[-1.0, -1.0, -1.0, -1.0]"
1619037759905333260,2023-01-27 15:20:56 -03,,pt,nubank,"[-1.0, -1.0, -1.0, -1.0]"
1620240681481666567,2023-01-30 23:00:55 -03,,pt,brb_oficial,"[-1.0, 0.0, -1.0, -1.0]"
1607438868529176578,2022-12-26 15:11:05 -03,,pt,banco do brasil,"[1.0, 0.0, 0.0, 0.0]"
1623297526966243328,2023-02-08 09:27:44 -03,,pt,itau,"[0.0, 1.0, 0.0, 0.0, 1.0]"
1609988585628770305,2023-01-02 16:02:45 -03,,pt,interbr,"[-1.0, -1.0, -1.0, -1.0]"
1645590378605604864,2023-04-10 21:51:34 -03,,pt,bradesco,"[0.0, -1.0, -1.0, -1.0]"
1621262964786331648,2023-02-02 18:43:07 -03,,pt,itau,"[0.0, 0.0, 1.0, 0.0]"
1621664556920590346,2023-02-03 21:18:54 -03,,pt,itau,"[-1.0, 0.0, 0.0, -1.0]"
1606732367875416064,2022-12-24 16:23:42 -03,,pt,nubank,"[1.0, 1.0, 1.0, 1.0]"
1599725227671695361,2022-12-05 08:19:50 -03,,pt,banco do brasil,"[0.0, 0.0, 1.0, 0.0]"
1647662146019360768,2023-04-16 15:04:02 -03,,pt,itau,"[1.0, 0.0, 0.0, 0.0]"
1609406212860157954,2023-01-01 01:28:37 -03,,pt,banco do brasil,"[0.0, 0.0, 0.0, 0.0, -1.0]"
1612359316534886400,2023-01-09 05:03:11 -03,,pt,itau,"[-1.0, 0.0, -1.0, -1.0]"
1617224133175304192,2023-01-22 15:14:14 -03,,pt,nubank,"[0.0, -1.0, -1.0, 1.0, 0.0]"
1613357604612472833,2023-01-11 23:10:02 -03,,pt,nubank,"[0.0, 0.0, 0.0, -1.0]"
1602748694952116225,2022-12-13 16:34:01 -03,,pt,santander,"[1.0, 1.0, 0.0, 0.0]"
1623696204906262529,2023-02-09 11:51:56 -03,,pt,nubank,"[-1.0, 0.0, -1.0, -1.0]"
1595095021518311429,2022-11-22 13:41:03 -03,,pt,itau,"[0.0, 0.0, 0.0, 1.0, 0.0]"
1606379993646374912,2022-12-23 17:03:30 -03,,pt,itau,"[-1.0, -1.0, -1.0, 0.0]"
1595493086704111627,2022-11-23 16:02:49 -03,,pt,nubank,"[0.0, 0.0, -1.0, -1.0, 0.0]"
1623367619884580864,2023-02-08 14:06:15 -03,,pt,interbr,"[-1.0, -1.0, -1.0, -1.0, -1.0]"
1620574238683058176,2023-01-31 21:06:21 -03,,pt,itau,"[-1.0, -1.0, -1.0, -1.0]"
1607147852895031297,2022-12-25 19:54:42 -03,,pt,itau,"[0.0, 0.0, 0.0, 0.0]"
1612510268415959040,2023-01-09 15:03:01 -03,,pt,itau,"[-1.0, 0.0, -1.0, -1.0]"
1608708868523294723,2022-12-30 03:17:37 -03,,pt,itau,"[0.0, 0.0, 0.0, 0.0]"
1597063590019706880,2022-11-28 00:03:26 -03,,pt,interbr,"[-1.0, 0.0, 0.0, -1.0]"
1616255515167793152,2023-01-19 23:05:18 -03,,pt,itau,"[0.0, 0.0, 0.0, 1.0, 1.0]"
1647324433030209536,2023-04-15 16:42:05 -03,,pt,nubank,"[-1.0, 0.0, 0.0, -1.0]"
1646247582786527235,2023-04-12 17:23:04 -03,,pt,banco do brasil,"[-1.0, -1.0, -1.0, -1.0]"
1617670788391522305,2023-01-23 20:49:05 -03,,pt,nubank,"[0.0, 0.0, 1.0, -1.0]"
1611522045904551936,2023-01-06 21:36:11 -03,,pt,nubank,"[1.0, 1.0, 1.0, 0.0]"
1609946741742215171,2023-01-02 13:16:29 -03,,pt,itau,"[0.0, 0.0, 0.0, 1.0]"
1621321749706018817,2023-02-02 22:36:42 -03,,pt,itau,"[-1.0, 0.0, 0.0, 0.0]"
1614645368049831936,2023-01-15 12:27:09 -03,,pt,nubank,"[1.0, 1.0, 1.0, 1.0, 1.0]"
1602368145053945865,2022-12-12 15:21:50 -03,,pt,banco do brasil,"[0.0, 0.0, -1.0]"
1613188661159333890,2023-01-11 11:58:43 -03,,pt,itau,"[-1.0, -1.0, -1.0, -1.0]"
1621346107593822208,2023-02-03 00:13:29 -03,,pt,nubank,"[0.0, 0.0, -1.0, 0.0, 0.0]"
1613630881792462862,2023-01-12 17:15:56 -03,,pt,nubank,"[-1.0, 0.0, 0.0, 0.0]"
1623360381342064640,2023-02-08 13:37:30 -03,,pt,banco do brasil,"[0.0, 0.0, 0.0, 0.0]"
1602297604091551746,2022-12-12 10:41:32 -03,,pt,nubank,"[0.0, 0.0, 1.0, 0.0]"
1621876019803164677,2023-02-04 11:19:10 -03,,pt,interbr,"[0.0, 0.0, -1.0]"
1614616892672450560,2023-01-15 10:34:00 -03,,pt,nubank,"[-1.0, -1.0, -1.0, 0.0]"
1601985351341547520,2022-12-11 14:00:45 -03,,pt,santander,"[0.0, 0.0, 0.0, 0.0]"
1600856235481374721,2022-12-08 11:14:03 -03,"{'type': 'Point', 'coordinates': [-23.5475, -46.63611]}",pt,santander,"[0.0, 0.0, 0.0, 0.0, 1.0]"
1611480760652910593,2023-01-06 18:52:07 -03,,pt,nubank,"[0.0, -1.0, -1.0, -1.0, -1.0]"
1608873701172445184,2022-12-30 14:12:36 -03,,pt,banco do brasil,"[1.0, 0.0, 1.0, 1.0]"
1597304364347314178,2022-11-28 16:00:11 -03,,pt,banco do brasil,"[0.0, 0.0, -1.0, -1.0]"
1615549110660079616,2023-01-18 00:18:18 -03,,pt,nubank,"[0.0, 0.0, -1.0, 0.0, -1.0]"
1623248504918253571,2023-02-08 06:12:56 -03,,pt,itau,"[0.0, -1.0, -1.0, -1.0, -1.0]"
1604792332712398851,2022-12-19 07:54:42 -03,,pt,itau,"[0.0, 0.0, 0.0]"
1615194302384340995,2023-01-17 00:48:25 -03,,pt,itau,"[0.0, 0.0, 0.0, 1.0]"
1594798433130389513,2022-11-21 18:02:31 -03,,pt,nubank,"[0.0, 0.0, 0.0, -1.0]"
1612405820301393921,2023-01-09 08:07:59 -03,,pt,bradesco,"[-1.0, -1.0, -1.0, -1.0]"
1613945920135073818,2023-01-13 14:07:47 -03,,pt,itau,"[-1.0, -1.0, -1.0, -1.0, -1.0]"
1601336899914039298,2022-12-09 19:04:02 -03,,pt,bradesco,"[-1.0, -1.0, -1.0, -1.0]"
1613972711382081536,2023-01-13 15:54:15 -03,,pt,nubank,"[1.0, 1.0, 0.0, 1.0]"
1611496799927156742,2023-01-06 19:55:51 -03,,pt,banco pan,"[-1.0, -1.0, 0.0]"
1622622462390198274,2023-02-06 12:45:16 -03,,pt,interbr,"[0.0, 0.0, -1.0]"
1615805415538757653,2023-01-18 17:16:45 -03,,pt,nubank,"[0.0, 0.0, -1.0, 0.0]"
1621656409501827073,2023-02-03 20:46:31 -03,,pt,nubank,"[-1.0, -1.0, -1.0, -1.0]"
1612257719960096770,2023-01-08 22:19:29 -03,,pt,itau,"[-1.0, -1.0, -1.0, -1.0]"
1646555279578759172,2023-04-13 13:45:44 -03,,pt,bradesco,"[0.0, 0.0, 0.0, 0.0, -1.0]"
1614995803029884930,2023-01-16 11:39:39 -03,,pt,nubank,"[-1.0, -1.0, -1.0, 0.0]"
1612258476415242241,2023-01-08 22:22:29 -03,,pt,itau,"[1.0, 1.0, 0.0, 0.0]"
1596271633928421376,2022-11-25 19:36:29 -03,,pt,santander,"[-1.0, 0.0, 0.0, 0.0]"
1609095541656256512,2022-12-31 04:54:07 -03,,pt,itau,"[0.0, 0.0, 0.0]"
1619450287709917185,2023-01-28 18:40:11 -03,,pt,nubank,"[1.0, 1.0, 1.0, 1.0]"
1617660123186630661,2023-01-23 20:06:42 -03,,pt,nubank,"[1.0, 1.0, 1.0, 1.0]"
1621585603526643712,2023-02-03 16:05:10 -03,,pt,bradesco,"[-1.0, -1.0, -1.0, -1.0]"
1595870203413696512,2022-11-24 17:01:20 -03,,pt,itau,"[-1.0, 0.0, -1.0, -1.0]"
1608410119208947719,2022-12-29 07:30:29 -03,,pt,itau,"[-1.0, -1.0, -1.0, -1.0, -1.0]"
1601242382330396674,2022-12-09 12:48:28 -03,,pt,itau,"[0.0, 1.0, 1.0]"
1596637297331810305,2022-11-26 19:49:30 -03,,pt,nubank,"[0.0, 0.0, -1.0, 0.0]"
1595126480312598528,2022-11-22 15:46:03 -03,,pt,nubank,"[-1.0, -1.0, -1.0, -1.0]"
1612466987635982336,2023-01-09 12:11:02 -03,,pt,bradesco,"[-1.0, -1.0, -1.0, -1.0]"
1600791945219112962,2022-12-08 06:58:35 -03,,pt,itau,"[0.0, 0.0, 0.0]"
1606270625256914944,2022-12-23 09:48:54 -03,,pt,nubank,"[0.0, 0.0, 0.0, 1.0, -1.0]"
1596367996322484224,2022-11-26 01:59:24 -03,,pt,nubank,"[-1.0, -1.0, -1.0, 0.0]"
1595593212042821635,2022-11-23 22:40:41 -03,,pt,nubank,"[0.0, 0.0, 0.0, 0.0]"
1623642636069249024,2023-02-09 08:19:04 -03,,pt,santander,"[-1.0, 0.0, 0.0, 0.0]"
1622963955541868546,2023-02-07 11:22:14 -03,,pt,bradesco,"[0.0, 0.0, -1.0, 0.0, -1.0]"
1595812174802337794,2022-11-24 13:10:45 -03,,pt,santander,"[-1.0, -1.0, -1.0, -1.0]"
1617499977143705600,2023-01-23 09:30:20 -03,,pt,nubank,"[0.0, 0.0, 0.0, 0.0]"
1647275359086288901,2023-04-15 13:27:05 -03,,pt,banco do brasil,"[0.0, 1.0, 0.0, 1.0, 1.0]"
1620244621157859328,2023-01-30 23:16:35 -03,,pt,nubank,"[1.0, 0.0, 0.0, 0.0]"
1614439807433711617,2023-01-14 22:50:19 -03,,pt,itau,"[0.0, 0.0, 1.0, 1.0]"
1605294634661564430,2022-12-20 17:10:40 -03,,pt,nubank,"[0.0, 0.0, 0.0, -1.0]"
1606424660576538626,2022-12-23 20:00:59 -03,,pt,itau,"[0.0, 0.0, 0.0, 0.0]"
1623462229205983234,2023-02-08 20:22:12 -03,,pt,nubank,"[0.0, 0.0, 1.0, 0.0]"
1619174462775242753,2023-01-28 00:24:09 -03,,pt,santander,"[-1.0, -1.0, -1.0, -1.0]"
1622615766456537093,2023-02-06 12:18:40 -03,,pt,interbr,"[-1.0, -1.0, -1.0, -1.0, -1.0]"
1610453455193214981,2023-01-03 22:49:59 -03,,pt,itau,"[0.0, 0.0, -1.0, 0.0]"
1614034513121738753,2023-01-13 19:59:49 -03,,pt,itau,"[0.0, 0.0, 0.0, 0.0]"
1612206659014725632,2023-01-08 18:56:35 -03,,pt,itau,"[-1.0, -1.0, 0.0, 0.0]"
1605282583788638212,2022-12-20 16:22:47 -03,,pt,nubank,"[1.0, 1.0, 1.0, 1.0]"
1611797963856019456,2023-01-07 15:52:34 -03,,pt,bradesco,"[-1.0, -1.0, -1.0, -1.0]"
1612481410702659584,2023-01-09 13:08:21 -03,,pt,bradesco,"[0.0, 0.0, 0.0]"
1620104169926582273,2023-01-30 13:58:28 -03,,pt,nubank,"[0.0, 0.0, 0.0]"
1603448048620896257,2022-12-15 14:53:00 -03,,pt,nubank,"[-1.0, -1.0, 0.0, -1.0]"
1620453550710198273,2023-01-31 13:06:47 -03,,pt,nubank,"[0.0, 1.0, 1.0, 1.0, 1.0]"
1613928001061765122,2023-01-13 12:56:35 -03,,pt,banco do brasil,"[-1.0, -1.0, -1.0, -1.0, -1.0]"
1616288606582149121,2023-01-20 01:16:47 -03,,pt,nubank,"[-1.0, 0.0, 0.0, -1.0]"
1612435372788563968,2023-01-09 10:05:25 -03,,pt,bradesco,"[0.0, 0.0, 0.0, 1.0, -1.0]"
1621221749416230914,2023-02-02 15:59:20 -03,,pt,nubank,"[1.0, 1.0, 1.0, 0.0]"
1597409045572616193,2022-11-28 22:56:09 -03,,pt,itau,"[0.0, 0.0, 0.0, 1.0, 0.0]"
1646171889922867203,2023-04-12 12:22:17 -03,,pt,nubank,"[0.0, -1.0, -1.0, -1.0]"
1620577573951639553,2023-01-31 21:19:37 -03,,pt,itau,"[0.0, 0.0, 0.0]"
1597402651221696512,2022-11-28 22:30:45 -03,,pt,itau,"[0.0, 0.0, 0.0, 0.0]"
1595492686806540288,2022-11-23 16:01:14 -03,,pt,nubank,"[-1.0, -1.0, -1.0, -1.0, -1.0]"
1614944929817546752,2023-01-16 08:17:30 -03,,pt,nubank,"[0.0, 0.0, 1.0, 1.0]"
1615811935462690832,2023-01-18 17:42:40 -03,,pt,nubank,"[0.0, 0.0, -1.0, 0.0]"
1596212731610284032,2022-11-25 15:42:26 -03,,pt,santander,"[-1.0, 0.0, -1.0, -1.0]"
1623137085979860994,2023-02-07 22:50:12 -03,,pt,nubank,"[0.0, 0.0, 1.0, 1.0]"
1596872999239446529,2022-11-27 11:26:06 -03,,pt,itau,"[-1.0, -1.0, -1.0]"
1594718578237898754,2022-11-21 12:45:12 -03,,pt,interbr,"[0.0, 0.0, 0.0]"
1616200473098260506,2023-01-19 19:26:34 -03,,pt,nubank,"[-1.0, -1.0, -1.0, -1.0]"
1623298160968736769,2023-02-08 09:30:15 -03,,pt,bradesco,"[0.0, 0.0, 0.0, 1.0, -1.0]"
1596234415969300481,2022-11-25 17:08:36 -03,,pt,nubank,"[0.0, 0.0, 0.0, 0.0]"
1611462171526832154,2023-01-06 17:38:15 -03,,pt,nubank,"[-1.0, -1.0, 0.0, -1.0]"
1606355858367053832,2022-12-23 15:27:35 -03,,pt,santander,"[-1.0, -1.0, -1.0, -1.0, -1.0]"
1600474522439716867,2022-12-07 09:57:16 -03,,pt,santander,"[0.0, 0.0, 0.0]"
1602418235164528641,2022-12-12 18:40:53 -03,,pt,banco do brasil,"[0.0, 0.0, 0.0, 0.0, 0.0]"
1595867526885683201,2022-11-24 16:50:42 -03,,pt,itau,"[-1.0, -1.0, -1.0, -1.0, -1.0]"
1620437217276739584,2023-01-31 12:01:53 -03,,pt,itau,"[-1.0, -1.0, -1.0, -1.0]"
1595076915337072640,2022-11-22 12:29:06 -03,,pt,nubank,"[0.0, 1.0, 0.0]"
1600861405099741184,2022-12-08 11:34:36 -03,,pt,itau,"[1.0, 0.0, -1.0, -1.0]"
1614999159618125824,2023-01-16 11:52:59 -03,,pt,itau,"[0.0, 0.0, 0.0, 1.0]"
1597167217090744320,2022-11-28 06:55:13 -03,,pt,itau,"[-1.0, -1.0, -1.0, -1.0]"
1595199146885058561,2022-11-22 20:34:48 -03,,pt,nubank,"[0.0, 0.0, 0.0, 1.0, -1.0]"
1606070150507089920,2022-12-22 20:32:17 -03,,pt,itau,"[0.0, 0.0, 1.0]"
1612441828892217351,2023-01-09 10:31:04 -03,,pt,bradesco,"[1.0, 0.0, 0.0, -1.0]"
1617586163757481984,2023-01-23 15:12:49 -03,,pt,nubank,"[0.0, 0.0, -1.0]"
1619478371783827457,2023-01-28 20:31:46 -03,,pt,bradesco,"[0.0, 1.0, 0.0]"
1614966333766074371,2023-01-16 09:42:33 -03,,pt,itau,"[-1.0, -1.0, -1.0, 0.0]"
1595929669819211777,2022-11-24 20:57:38 -03,,pt,itau,"[0.0, -1.0, -1.0, -1.0, -1.0]"
1595822230780379136,2022-11-24 13:50:43 -03,,pt,nubank,"[0.0, 0.0, -1.0, -1.0, 0.0]"
1595810515313385474,2022-11-24 13:04:10 -03,,pt,nubank,"[-1.0, 0.0, -1.0, 0.0]"
1603752413789298689,2022-12-16 11:02:26 -03,,pt,santander,"[1.0, 1.0, 1.0, 1.0]"
1614766943143165953,2023-01-15 20:30:14 -03,,pt,nubank,"[0.0, 0.0, 0.0, 1.0, 0.0]"
1616658471382028288,2023-01-21 01:46:30 -03,,pt,nubank,"[-1.0, -1.0, -1.0, -1.0, -1.0]"
1602299217082556416,2022-12-12 10:47:57 -03,,pt,nubank,"[-1.0, -1.0, -1.0, -1.0]"
1621667869187530753,2023-02-03 21:32:03 -03,,pt,nubank,"[0.0, 1.0, 1.0]"
1611442316790665248,2023-01-06 16:19:22 -03,,pt,interbr,"[-1.0, -1.0, -1.0, -1.0]"
1622765483207409665,2023-02-06 22:13:35 -03,,pt,santander,"[-1.0, -1.0, 0.0, 1.0, 0.0]"
1611385719058223106,2023-01-06 12:34:28 -03,,pt,nubank,"[-1.0, -1.0, 1.0]"
1610362400338739202,2023-01-03 16:48:09 -03,,pt,nubank,"[0.0, 1.0, 0.0, -1.0]"
1605274601394692096,2022-12-20 15:51:04 -03,,pt,itau,"[-1.0, -1.0, -1.0, -1.0, -1.0]"
1611951631746088961,2023-01-08 02:03:12 -03,,pt,interbr,"[0.0, 0.0, -1.0, -1.0]"
1623003937199599633,2023-02-07 14:01:07 -03,,pt,interbr,"[0.0, 0.0, 1.0]"
1623479093520900096,2023-02-08 21:29:13 -03,,pt,itau,"[-1.0, 0.0, -1.0, -1.0]"
1621658278223659008,2023-02-03 20:53:57 -03,,pt,bradesco,"[1.0, 1.0, -1.0, -1.0]"
1610025288510865410,2023-01-02 18:28:36 -03,,pt,bradesco,"[0.0, 0.0, -1.0, -1.0]"
1602431914262278144,2022-12-12 19:35:14 -03,,pt,itau,"[-1.0, 0.0, 0.0, 0.0]"
1601029127686922240,2022-12-08 22:41:04 -03,,pt,nubank,"[-1.0, -1.0, -1.0, -1.0, -1.0]"
1603454972032598017,2022-12-15 15:20:30 -03,,pt,banco pan,"[-1.0, -1.0, -1.0, -1.0, -1.0]"
1621594380330045443,2023-02-03 16:40:02 -03,,pt,nubank,"[0.0, 1.0, 1.0, 1.0, 1.0]"
1617321663644794880,2023-01-22 21:41:47 -03,,pt,nubank,"[0.0, 0.0, 0.0]"
1621530437066563586,2023-02-03 12:25:57 -03,,pt,interbr,"[0.0, -1.0, -1.0, -1.0, -1.0]"
1647254713866256384,2023-04-15 12:05:02 -03,,pt,bradesco,"[0.0, 0.0, 0.0]"
1602096430671355912,2022-12-11 21:22:09 -03,,pt,banco do brasil,"[0.0, 0.0, 0.0]"
1621831779236683776,2023-02-04 08:23:23 -03,,pt,bradesco,"[-1.0, -1.0, -1.0]"
1623418702837301250,2023-02-08 17:29:15 -03,,pt,bradesco,"[-1.0, -1.0, -1.0, -1.0, -1.0]"
1622776209963614209,2023-02-06 22:56:12 -03,,pt,nubank,"[0.0, 0.0, 0.0, 0.0]"
1603054621861335051,2022-12-14 12:49:39 -03,,pt,itau,"[0.0, 0.0, 0.0]"
1612465962610991105,2023-01-09 12:06:58 -03,,pt,nubank,"[0.0, 0.0, -1.0, 0.0]"
1606258798057754624,2022-12-23 09:01:54 -03,,pt,itau,"[-1.0, 0.0, 1.0, 1.0]"
1600155389000966144,2022-12-06 12:49:08 -03,,pt,nubank,"[0.0, 0.0, 0.0, 0.0]"
1645846895695392769,2023-04-11 14:50:52 -03,,pt,bradesco,"[-1.0, -1.0, -1.0, -1.0]"
1608948724243509248,2022-12-30 19:10:43 -03,,pt,itau,"[-1.0, -1.0, -1.0]"
1619912669640916993,2023-01-30 01:17:31 -03,,pt,nubank,"[0.0, 0.0, 0.0, 0.0]"
1612507663056658445,2023-01-09 14:52:40 -03,,pt,bradesco,"[0.0, 0.0, 0.0]"
1605564044831703040,2022-12-21 11:01:12 -03,,pt,banco do brasil,"[-1.0, -1.0, -1.0, -1.0]"
1602466174037819392,2022-12-12 21:51:22 -03,,pt,nubank,"[-1.0, -1.0, -1.0, -1.0]"
1623365047463321600,2023-02-08 13:56:02 -03,,pt,nubank,"[-1.0, 0.0, 0.0, 0.0]"
1608804045090848768,2022-12-30 09:35:49 -03,,pt,banco do brasil,"[-1.0, -1.0, -1.0, -1.0]"
1595026223067013124,2022-11-22 09:07:40 -03,,pt,nubank,"[0.0, 0.0, 0.0, 0.0, -1.0]"
1615021749761986560,2023-01-16 13:22:45 -03,,pt,itau,"[1.0, 1.0, 1.0, 1.0, 1.0]"
1620974986298281987,2023-02-01 23:38:47 -03,,pt,nubank,"[1.0, 0.0, 0.0, 0.0]"
1612397787534049285,2023-01-09 07:36:04 -03,,pt,itau,"[-1.0, -1.0, -1.0, -1.0]"
1602371593904300033,2022-12-12 15:35:33 -03,,pt,nubank,"[0.0, 0.0, 0.0]"
1608809554116227073,2022-12-30 09:57:42 -03,,pt,banco do brasil,"[0.0, 0.0, 0.0, 1.0, 0.0]"
1608441763336978435,2022-12-29 09:36:14 -03,,pt,banco pan,"[-1.0, -1.0, -1.0, -1.0]"
1622724975764336640,2023-02-06 19:32:37 -03,,pt,banco pan,"[-1.0, -1.0, -1.0, 0.0]"
1594771869835706370,2022-11-21 16:16:57 -03,,pt,nubank,"[-1.0, -1.0, -1.0, -1.0]"
1615137222654656514,2023-01-16 21:01:36 -03,,pt,nubank,"[-1.0, -1.0, -1.0, -1.0]"
1613915000380219392,2023-01-13 12:04:55 -03,,pt,itau,"[0.0, 0.0, 0.0, 1.0]"
1645954340920885248,2023-04-11 21:57:49 -03,,pt,bradesco,"[0.0, 0.0, 0.0]"
1612490568944259090,2023-01-09 13:44:44 -03,,pt,bradesco,"[-1.0, -1.0, -1.0, -1.0]"
1645803095140741120,2023-04-11 11:56:50 -03,,pt,nubank,"[0.0, -1.0, -1.0, 0.0, 0.0]"
1612997029378097152,2023-01-10 23:17:14 -03,,pt,bradesco,"[0.0, 0.0, 0.0, 0.0]"
1597303951359369219,2022-11-28 15:58:33 -03,,pt,itau,"[-1.0, -1.0, 0.0, -1.0]"
1597321831853461504,2022-11-28 17:09:36 -03,,pt,itau,"[0.0, 0.0, 1.0, 1.0, 1.0]"
1606451835686064134,2022-12-23 21:48:58 -03,,pt,interbr,"[0.0, 0.0, -1.0]"
1620731932186415104,2023-02-01 07:32:59 -03,,pt,nubank,"[0.0, 0.0, 0.0, 0.0]"
1606309793328570368,2022-12-23 12:24:33 -03,,pt,nubank,"[0.0, 0.0, 0.0, 0.0, 0.0]"
1596606452918984705,2022-11-26 17:46:56 -03,,pt,nubank,"[1.0, 0.0, 0.0, 1.0, 1.0]"
1610031453886185474,2023-01-02 18:53:06 -03,,pt,banco do brasil,"[0.0, 0.0, 0.0, 0.0]"
1595026537270894598,2022-11-22 09:08:55 -03,,pt,nubank,"[-1.0, 0.0, -1.0, 0.0]"
1623721130803576833,2023-02-09 13:30:59 -03,,pt,itau,"[1.0, 0.0, 1.0, 1.0]"
1612676249146560512,2023-01-10 02:02:34 -03,,pt,itau,"[0.0, 0.0, 0.0, 0.0]"
1613340779682082817,2023-01-11 22:03:10 -03,,pt,itau,"[-1.0, 0.0, 1.0, 0.0]"
1597238987370168320,2022-11-28 11:40:24 -03,,pt,nubank,"[0.0, 0.0, 0.0, 0.0]"
1599792566458732544,2022-12-05 12:47:25 -03,,pt,itau,"[1.0, 0.0, 0.0, 0.0]"
1596954432583110657,2022-11-27 16:49:41 -03,,pt,nubank,"[1.0, 1.0, 0.0, 0.0]"
1613533739543412743,2023-01-12 10:49:56 -03,,pt,nubank,"[0.0, -1.0, -1.0, -1.0]"
1595137886789435392,2022-11-22 16:31:23 -03,,pt,nubank,"[0.0, 0.0, -1.0, -1.0, -1.0]"
1606330910302801930,2022-12-23 13:48:27 -03,,pt,banco do brasil,"[1.0, 0.0, 0.0, 0.0]"
1615849070966210562,2023-01-18 20:10:14 -03,,pt,nubank,"[0.0, 0.0, 0.0, 0.0]"
1646907831788920833,2023-04-14 13:06:39 -03,,pt,itau,"[0.0, 0.0, 0.0, 0.0, 0.0]"
1610086864404504578,2023-01-02 22:33:17 -03,,pt,nubank,"[0.0, 0.0, 0.0, 0.0]"
1623147580023619584,2023-02-07 23:31:54 -03,,pt,itau,"[0.0, -1.0, -1.0, -1.0]"
1609332121981657089,2022-12-31 20:34:12 -03,,pt,itau,"[0.0, 0.0, -1.0, -1.0]"
1615448605225017356,2023-01-17 17:38:55 -03,,pt,nubank,"[-1.0, -1.0, -1.0, 0.0]"
1614996965158445057,2023-01-16 11:44:16 -03,,pt,nubank,"[0.0, 0.0, -1.0, -1.0]"
1614865028519182337,2023-01-16 03:00:00 -03,,pt,nubank,"[0.0, -1.0, 0.0]"
1603930324140015616,2022-12-16 22:49:23 -03,,pt,santander,"[-1.0, -1.0, 1.0]"
1595876391496880128,2022-11-24 17:25:56 -03,,pt,nubank,"[0.0, 0.0, 0.0, 1.0]"
1600224357984440322,2022-12-06 17:23:12 -03,,pt,itau,"[0.0, 0.0, -1.0, 0.0]"
1611526682329890816,2023-01-06 21:54:36 -03,,pt,nubank,"[0.0, 0.0, -1.0, 1.0, 1.0]"
1611461533975846913,2023-01-06 17:35:43 -03,,pt,nubank,"[1.0, 1.0, 1.0, 1.0, 1.0]"
1600686183570284546,2022-12-07 23:58:20 -03,,pt,banco do brasil,"[-1.0, -1.0, -1.0, -1.0]"
1601237302197768193,2022-12-09 12:28:17 -03,,pt,itau,"[0.0, 0.0, 0.0, 0.0]"
1622008741993369600,2023-02-04 20:06:34 -03,,pt,nubank,"[-1.0, -1.0, -1.0, -1.0]"
1608229774375239684,2022-12-28 19:33:52 -03,,pt,banco pan,"[0.0, -1.0, 0.0, 0.0, 0.0]"
1621701589751812096,2023-02-03 23:46:03 -03,,pt,bradesco,"[0.0, 0.0, 0.0, 0.0]"
1595527059509772288,2022-11-23 18:17:49 -03,,pt,itau,"[0.0, 0.0, 1.0, 0.0]"
1616074223855755265,2023-01-19 11:04:54 -03,,pt,nubank,"[-1.0, -1.0, -1.0]"
1612550053671088128,2023-01-09 17:41:07 -03,,pt,bradesco,"[-1.0, -1.0, 1.0, -1.0]"
1611428542306476033,2023-01-06 15:24:38 -03,,pt,itau,"[-1.0, 0.0, -1.0, 1.0]"
1620410371344576513,2023-01-31 10:15:12 -03,,pt,itau,"[0.0, 0.0, -1.0, -1.0]"
1606376581672407053,2022-12-23 16:49:56 -03,,pt,itau,"[-1.0, -1.0, -1.0, -1.0]"
1595847751971274752,2022-11-24 15:32:08 -03,,pt,nubank,"[-1.0, -1.0, -1.0, -1.0]"
1606066865968594944,2022-12-22 20:19:14 -03,,pt,nubank,"[0.0, 0.0, 0.0, -1.0]"
1599886398571552771,2022-12-05 19:00:16 -03,,pt,itau,"[1.0, 1.0, 1.0, 1.0]"
1614728679195832322,2023-01-15 17:58:11 -03,,pt,nubank,"[-1.0, -1.0, -1.0]"
1594795084393897986,2022-11-21 17:49:12 -03,,pt,nubank,"[1.0, 1.0, 0.0, 0.0]"
1619146055131746305,2023-01-27 22:31:16 -03,,pt,nubank,"[0.0, 0.0, -1.0, -1.0]"
1601014804205953024,2022-12-08 21:44:09 -03,,pt,itau,"[0.0, 0.0, 0.0, 0.0]"
1600258043538571264,2022-12-06 19:37:03 -03,,pt,nubank,"[0.0, -1.0, -1.0, 0.0, -1.0]"
1614975760774602755,2023-01-16 10:20:00 -03,,pt,nubank,"[0.0, 0.0, -1.0, -1.0]"
1613410985586622466,2023-01-12 02:42:09 -03,,pt,nubank,"[0.0, 0.0, 0.0, 0.0]"
1613687639718170625,2023-01-12 21:01:28 -03,,pt,itau,"[1.0, -1.0, 0.0, -1.0]"
1600688388583063554,2022-12-08 00:07:05 -03,,pt,nubank,"[-1.0, -1.0, -1.0, -1.0, -1.0]"
1612891580825800728,2023-01-10 16:18:13 -03,,pt,nubank,"[0.0, -1.0, -1.0, 0.0, 0.0]"
1622978009849384960,2023-02-07 12:18:05 -03,,pt,itau,"[0.0, 0.0, 0.0, 1.0, 1.0]"
1620130296573358081,2023-01-30 15:42:17 -03,,pt,itau,"[1.0, 1.0, 1.0, 1.0]"
1603480520851087376,2022-12-15 17:02:02 -03,,pt,banco do brasil,"[0.0, 0.0, -1.0, -1.0, -1.0]"
1606376107955175424,2022-12-23 16:48:03 -03,,pt,banco do brasil,"[1.0, 0.0, 0.0, 0.0]"
1613695359703986176,2023-01-12 21:32:09 -03,,pt,itau,"[-1.0, -1.0, -1.0]"
1608466554500354053,2022-12-29 11:14:45 -03,,pt,interbr,"[0.0, 0.0, 1.0, 0.0, 0.0]"
1612929843922104324,2023-01-10 18:50:16 -03,,pt,nubank,"[0.0, 0.0, 0.0, 0.0]"
1646512216223678465,2023-04-13 10:54:37 -03,,pt,interbr,"[0.0, 0.0, 0.0, 0.0, 1.0]"
1599796363520114691,2022-12-05 13:02:30 -03,,pt,itau,"[-1.0, -1.0, -1.0, -1.0]"
1603220333066039297,2022-12-14 23:48:08 -03,,pt,bradesco,"[0.0, 0.0, 0.0, -1.0]"
1601369273116798977,2022-12-09 21:12:41 -03,,pt,itau,"[0.0, 0.0, 0.0, -1.0]"
1645417538166169602,2023-04-10 10:24:46 -03,,pt,itau,"[0.0, 0.0, 0.0, 0.0]"
1619303773532491778,2023-01-28 08:57:59 -03,,pt,nubank,"[-1.0, -1.0, -1.0, -1.0]"
1604853288171884544,2022-12-19 11:56:55 -03,,pt,nubank,"[0.0, 0.0, 0.0, 0.0]"
1603832478049120256,2022-12-16 16:20:35 -03,,pt,interbr,"[0.0, 0.0, 0.0, -1.0]"
1617954309555236866,2023-01-24 15:35:42 -03,,pt,itau,"[0.0, 1.0, 1.0, 1.0, 1.0]"
1605507465570709504,2022-12-21 07:16:23 -03,,pt,nubank,"[0.0, 1.0, 1.0, 1.0, 1.0]"
1622961151712657409,2023-02-07 11:11:06 -03,,pt,itau,"[-1.0, 0.0, 0.0, -1.0, -1.0]"
1614722310883139584,2023-01-15 17:32:53 -03,,pt,itau,"[0.0, 0.0, 0.0, 1.0]"
1621697217387012096,2023-02-03 23:28:40 -03,,pt,itau,"[0.0, 0.0, 1.0, 1.0]"
1614701845569486850,2023-01-15 16:11:34 -03,,pt,nubank,"[0.0, -1.0, -1.0, 0.0, 0.0]"
1647338495902359554,2023-04-15 17:37:58 -03,,pt,bradesco,"[0.0, 0.0, 0.0, 0.0]"
1596149519565004801,2022-11-25 11:31:15 -03,,pt,nubank,"[0.0, 0.0, 0.0, 0.0, 0.0]"
1605318712806211584,2022-12-20 18:46:21 -03,,pt,nubank,"[-1.0, -1.0, -1.0, -1.0]"
1645957889633181698,2023-04-11 22:11:55 -03,,pt,itau,"[-1.0, -1.0, 0.0, 0.0, -1.0]"
1617589306641600512,2023-01-23 15:25:18 -03,,pt,nubank,"[0.0, 0.0, 0.0, 0.0, 0.0]"
1599852218198462475,2022-12-05 16:44:27 -03,,pt,nubank,"[0.0, 0.0, 0.0]"
1613644816692219904,2023-01-12 18:11:19 -03,,pt,santander,"[-1.0, -1.0, -1.0]"
1612606364496306177,2023-01-09 21:24:52 -03,,pt,bradesco,"[-1.0, -1.0, -1.0, 1.0]"
1620194478605705219,2023-01-30 19:57:20 -03,,pt,nubank,"[0.0, 0.0, 0.0, 0.0]"
1600276345623175170,2022-12-06 20:49:47 -03,,pt,nubank,"[-1.0, 0.0, 0.0, -1.0]"
1601623057507840000,2022-12-10 14:01:08 -03,,pt,bradesco,"[0.0, 0.0, -1.0, 1.0, 0.0]"
1597271320907382786,2022-11-28 13:48:53 -03,,pt,nubank,"[0.0, 0.0, 0.0]"
1608581794861035520,2022-12-29 18:52:40 -03,,pt,santander,"[-1.0, -1.0, -1.0, -1.0]"
1605346578126209024,2022-12-20 20:37:04 -03,,pt,bradesco,"[0.0, -1.0, -1.0, -1.0, -1.0]"
1612468399069888514,2023-01-09 12:16:39 -03,,pt,bradesco,"[0.0, 0.0, 0.0, 0.0, -1.0]"
1617852796543578113,2023-01-24 08:52:19 -03,,pt,nubank,"[-1.0, -1.0, -1.0, -1.0, 0.0]"
1595854155016732672,2022-11-24 15:57:34 -03,,pt,nubank,"[-1.0, -1.0, -1.0, -1.0, -1.0]"
1612486532237086725,2023-01-09 13:28:42 -03,,pt,bradesco,"[-1.0, -1.0, 1.0, -1.0]"
1618075791077801984,2023-01-24 23:38:25 -03,,pt,nubank,"[0.0, 0.0, 0.0, 0.0]"
1623474819961421825,2023-02-08 21:12:14 -03,,pt,bradesco,"[-1.0, 0.0, 0.0, 0.0]"
1605602665265860609,2022-12-21 13:34:40 -03,,pt,itau,"[-1.0, 0.0, -1.0, -1.0]"
1595490117912825880,2022-11-23 15:51:01 -03,,pt,nubank,"[0.0, 0.0, 0.0, 0.0]"
1606511360715771905,2022-12-24 01:45:30 -03,,pt,nubank,"[0.0, 1.0, 0.0, 1.0]"
1596129064942800896,2022-11-25 10:09:58 -03,,pt,itau,"[-1.0, -1.0, -1.0, -1.0, -1.0]"
1595472514104410126,2022-11-23 14:41:04 -03,,pt,nubank,"[0.0, 0.0, -1.0, -1.0]"
1608166457283690496,2022-12-28 15:22:16 -03,,pt,interbr,"[0.0, 0.0, 0.0, 0.0]"
1606395344199245824,2022-12-23 18:04:30 -03,,pt,banco do brasil,"[0.0, 0.0, 0.0, 1.0, 0.0]"
1621274463017832449,2023-02-02 19:28:48 -03,,pt,itau,"[1.0, 0.0, 0.0, 0.0]"
1603074705417805826,2022-12-14 14:09:28 -03,,pt,nubank,"[-1.0, -1.0, -1.0, -1.0]"
1614741811326586881,2023-01-15 18:50:22 -03,,pt,nubank,"[-1.0, -1.0, -1.0, -1.0]"
1621664704400658432,2023-02-03 21:19:29 -03,,pt,interbr,"[-1.0, -1.0, -1.0, -1.0, -1.0]"
1605534175368548353,2022-12-21 09:02:31 -03,,pt,nubank,"[-1.0, 0.0, 0.0, 0.0]"
1620257663379718144,2023-01-31 00:08:24 -03,,pt,nubank,"[-1.0, -1.0, -1.0, -1.0, -1.0]"
1597065910992637952,2022-11-28 00:12:39 -03,,pt,itau,"[0.0, 0.0, 0.0, 0.0, -1.0]"
1606461835376476160,2022-12-23 22:28:42 -03,,pt,itau,"[0.0, 0.0, 0.0]"
1595774694464045056,2022-11-24 10:41:49 -03,,pt,nubank,"[1.0, 1.0, 1.0, 0.0, 0.0]"
1602442951019438080,2022-12-12 20:19:06 -03,,pt,itau,"[-1.0, -1.0, 0.0, -1.0]"
1613886646277050368,2023-01-13 10:12:15 -03,,pt,itau,"[-1.0, -1.0, -1.0, -1.0]"
1614993404340977665,2023-01-16 11:30:07 -03,,pt,btg pctual,"[-1.0, -1.0, -1.0, -1.0]"
1608809204437123077,2022-12-30 09:56:19 -03,,pt,itau,"[0.0, 0.0, 0.0, -1.0]"
1621465999135412229,2023-02-03 08:09:54 -03,,pt,nubank,"[0.0, 0.0, 0.0, 1.0, 0.0]"
1622581745626370049,2023-02-06 10:03:28 -03,,pt,bradesco,"[-1.0, -1.0, -1.0, -1.0]"
1623358277483470848,2023-02-08 13:29:08 -03,,pt,itau,"[-1.0, -1.0, 0.0, -1.0]"
1600105414405652480,2022-12-06 09:30:33 -03,,pt,nubank,"[0.0, 0.0, 0.0]"
1619094741177737216,2023-01-27 19:07:22 -03,,pt,nubank,"[1.0, 1.0, 1.0, 1.0]"
1645983624494186497,2023-04-11 23:54:11 -03,,pt,itau,"[-1.0, -1.0, -1.0, -1.0]"
1596112506082033664,2022-11-25 09:04:10 -03,,pt,nubank,"[-1.0, 0.0, 0.0, 0.0]"
1615024059976224772,2023-01-16 13:31:56 -03,,pt,nubank,"[-1.0, -1.0, -1.0, 0.0]"
1604875712627974145,2022-12-19 13:26:01 -03,,pt,banco do brasil,"[0.0, 0.0, 0.0, 0.0, 0.0]"
1594701251203432448,2022-11-21 11:36:21 -03,,pt,nubank,"[0.0, 0.0, -1.0, 0.0]"
1622902335440662528,2023-02-07 07:17:23 -03,,pt,itau,"[0.0, 0.0, -1.0]"
1604830250571292673,2022-12-19 10:25:22 -03,,pt,interbr,"[-1.0, -1.0, -1.0, -1.0, -1.0]"
1602827477445115905,2022-12-13 21:47:04 -03,,pt,nubank,"[-1.0, -1.0, 0.0, -1.0]"
1600275507513151489,2022-12-06 20:46:27 -03,,pt,nubank,"[0.0, 0.0, 0.0, 0.0, 0.0]"
1602844194418089987,2022-12-13 22:53:30 -03,,pt,banco do brasil,"[-1.0, 0.0, -1.0, -1.0]"
1623626145445908480,2023-02-09 07:13:33 -03,,pt,nubank,"[-1.0, 0.0, 0.0, 0.0, -1.0]"
1595373940020547584,2022-11-23 08:09:22 -03,,pt,nubank,"[-1.0, -1.0, 0.0, 0.0]"
1622608499959115776,2023-02-06 11:49:47 -03,,pt,nubank,"[0.0, 1.0, 0.0, 1.0]"
1607519558256009218,2022-12-26 20:31:43 -03,,pt,itau,"[0.0, 0.0, 0.0, 0.0]"
1620434170181988353,2023-01-31 11:49:47 -03,,pt,itau,"[-1.0, 0.0, -1.0, -1.0]"
1623824586906238976,2023-02-09 20:22:05 -03,,pt,bradesco,"[0.0, 0.0, 0.0, 0.0, 0.0]"
1610259500346253314,2023-01-03 09:59:16 -03,,pt,santander,"[0.0, 0.0, 0.0, 0.0]"
1612384173175541762,2023-01-09 06:41:58 -03,,pt,itau,"[-1.0, 0.0, 0.0, -1.0]"
1621268430149095424,2023-02-02 19:04:50 -03,,pt,itau,"[-1.0, 0.0, 0.0, 1.0]"
1612712608041439234,2023-01-10 04:27:03 -03,,pt,bradesco,"[0.0, 0.0, 0.0, 0.0, 1.0]"
1603131047113330697,2022-12-14 17:53:21 -03,,pt,interbr,"[-1.0, 0.0, 0.0, -1.0]"
1613700042577125381,2023-01-12 21:50:45 -03,,pt,itau,"[-1.0, -1.0, 0.0, -1.0]"
1604131764020314112,2022-12-17 12:09:50 -03,,pt,interbr,"[-1.0, -1.0, -1.0, -1.0, -1.0]"
1612196259741270021,2023-01-08 18:15:16 -03,,pt,itau,"[-1.0, 0.0, 0.0, 0.0]"
1602158526884941824,2022-12-12 01:28:54 -03,,pt,bradesco,"[0.0, 0.0, 0.0]"
1608533810139860994,2022-12-29 15:42:00 -03,,pt,itau,"[1.0, 1.0, 1.0, 1.0]"
1595884370984062976,2022-11-24 17:57:38 -03,,pt,nubank,"[0.0, 1.0, 0.0]"
1646252336904282112,2023-04-12 17:41:57 -03,,pt,nubank,"[-1.0, -1.0, -1.0, -1.0, -1.0]"
1620025586964897792,2023-01-30 08:46:13 -03,,pt,itau,"[0.0, 0.0, 1.0, 1.0]"
1608278345451556865,2022-12-28 22:46:52 -03,,pt,bradesco,"[-1.0, -1.0, -1.0, -1.0]"
1602491947427721217,2022-12-12 23:33:47 -03,,pt,nubank,"[0.0, 0.0, 0.0, 0.0]"
1615405629526446090,2023-01-17 14:48:09 -03,,pt,nubank,"[0.0, 0.0, 0.0, 0.0]"
1604885234050551808,2022-12-19 14:03:51 -03,,pt,itau,"[-1.0, -1.0, -1.0, -1.0]"
1615310189699153921,2023-01-17 08:28:54 -03,,pt,bradesco,"[0.0, 0.0, 0.0, 0.0, 0.0]"
1645626798594506753,2023-04-11 00:16:17 -03,,pt,interbr,"[-1.0, -1.0, -1.0, -1.0]"
1615021375298867202,2023-01-16 13:21:16 -03,,pt,nubank,"[0.0, 0.0, 0.0, 0.0]"
1595845610384642053,2022-11-24 15:23:37 -03,,pt,nubank,"[-1.0, -1.0, -1.0, -1.0]"
1605955490684366848,2022-12-22 12:56:40 -03,,pt,nubank,"[0.0, -1.0, -1.0, -1.0]"
1615476554015834120,2023-01-17 19:29:59 -03,,pt,nubank,"[0.0, 0.0, 0.0, 0.0, 0.0]"
1608548145306427394,2022-12-29 16:38:57 -03,,pt,interbr,"[-1.0, -1.0, -1.0, -1.0]"
1612089428377206790,2023-01-08 11:10:45 -03,,pt,santander,"[0.0, 1.0, 1.0, 1.0, 0.0]"
1612094134281703424,2023-01-08 11:29:27 -03,,pt,nubank,"[-1.0, -1.0, -1.0, -1.0]"
1595037204216176644,2022-11-22 09:51:18 -03,,pt,nubank,"[0.0, 0.0, 0.0, 0.0, 0.0]"
1612554783688216585,2023-01-09 17:59:54 -03,,pt,bradesco,"[0.0, 0.0, 0.0, -1.0]"
1612006687631708160,2023-01-08 05:41:58 -03,,pt,santander,"[0.0, 0.0, -1.0, -1.0]"
1617699197129756672,2023-01-23 22:41:58 -03,,pt,banco do brasil,"[0.0, -1.0, -1.0, 1.0, 0.0]"
1623878558362763264,2023-02-09 23:56:33 -03,,pt,bradesco,"[0.0, 0.0, 1.0]"
1595848646779899904,2022-11-24 15:35:41 -03,,pt,nubank,"[0.0, 0.0, 0.0, 0.0]"
1596633836070195200,2022-11-26 19:35:45 -03,,pt,banco do brasil,"[1.0, 1.0, -1.0, -1.0]"
1606641551723020288,2022-12-24 10:22:50 -03,,pt,itau,"[0.0, 0.0, 0.0, 0.0]"
1603928990523203584,2022-12-16 22:44:05 -03,,pt,itau,"[0.0, 0.0, 0.0, 1.0, 0.0]"
1647276118578274304,2023-04-15 13:30:06 -03,,pt,itau,"[-1.0, -1.0, -1.0]"
1594696925282029569,2022-11-21 11:19:09 -03,,pt,nubank,"[0.0, -1.0, -1.0, 0.0, -1.0]"
1595494751909908491,2022-11-23 16:09:26 -03,,pt,santander,"[-1.0, -1.0, -1.0, -1.0, -1.0]"
1610100001966891012,2023-01-02 23:25:29 -03,,pt,nubank,"[0.0, 0.0, 1.0, 0.0, -1.0]"
1612943597250174977,2023-01-10 19:44:55 -03,,pt,bradesco,"[-1.0, -1.0, -1.0, -1.0]"
1608626900695683072,2022-12-29 21:51:54 -03,,pt,itau,"[0.0, 0.0, 0.0, -1.0, -1.0]"
1605270828459102208,2022-12-20 15:36:04 -03,,pt,santander,"[0.0, 0.0, 0.0]"
1622470147112857602,2023-02-06 02:40:01 -03,,pt,interbr,"[0.0, 0.0, 0.0, 1.0]"
1594719831479164936,2022-11-21 12:50:10 -03,,pt,nubank,"[0.0, 0.0, 0.0, 0.0]"
1610415957528256515,2023-01-03 20:20:59 -03,,pt,nubank,"[0.0, 0.0, 0.0, 1.0]"
1617990511230615552,2023-01-24 17:59:33 -03,,pt,santander,"[0.0, 0.0, -1.0]"
1614097603108700161,2023-01-14 00:10:31 -03,,pt,itau,"[0.0, -1.0, 0.0, -1.0, -1.0]"
1607114761648447489,2022-12-25 17:43:12 -03,,pt,nubank,"[0.0, 0.0, 0.0, 1.0]"
1614406083073695744,2023-01-14 20:36:19 -03,,pt,itau,"[1.0, 0.0, 0.0]"
1602484030934601733,2022-12-12 23:02:20 -03,,pt,interbr,"[-1.0, -1.0, -1.0, -1.0, -1.0]"
1596898802186977280,2022-11-27 13:08:38 -03,,pt,nubank,"[-1.0, -1.0, -1.0, -1.0]"
1608290107873697792,2022-12-28 23:33:36 -03,,pt,itau,"[-1.0, -1.0, -1.0, -1.0]"
1616496208398192645,2023-01-20 15:01:43 -03,,pt,interbr,"[0.0, 0.0, -1.0, -1.0]"
1607519225912123393,2022-12-26 20:30:24 -03,,pt,nubank,"[0.0, -1.0, 0.0, 0.0, 0.0]"
1617642261524660225,2023-01-23 18:55:44 -03,,pt,itau,"[0.0, -1.0, 0.0, 0.0]"
1615291612745048064,2023-01-17 07:15:05 -03,,pt,itau,"[1.0, 0.0, 1.0, 0.0]"
1622685752428572678,2023-02-06 16:56:46 -03,,pt,bradesco,"[0.0, -1.0, -1.0, -1.0]"
1618074385713364992,2023-01-24 23:32:50 -03,,pt,itau,"[-1.0, 0.0, 0.0, -1.0]"
1610306633590079490,2023-01-03 13:06:34 -03,,pt,banco do brasil,"[-1.0, 0.0, -1.0, -1.0]"
1622635227318296576,2023-02-06 13:35:59 -03,,pt,santander,"[0.0, 0.0, 0.0, 0.0]"
1594862514898075649,2022-11-21 22:17:09 -03,,pt,itau,"[0.0, 0.0, 0.0, 0.0, 0.0]"
1595580057103339520,2022-11-23 21:48:24 -03,,pt,itau,"[0.0, 0.0, 0.0, 0.0]"
1609994381028909056,2023-01-02 16:25:47 -03,,pt,nubank,"[0.0, 0.0, 1.0, -1.0]"
1645796690702790659,2023-04-11 11:31:23 -03,,pt,itau,"[-1.0, -1.0, -1.0, -1.0]"
1616131653826646018,2023-01-19 14:53:07 -03,,pt,nubank,"[-1.0, 0.0, -1.0, 0.0, 1.0]"
1612287223721869313,2023-01-09 00:16:43 -03,,pt,itau,"[0.0, 0.0, 0.0, 0.0]"
1621209641102315522,2023-02-02 15:11:13 -03,,pt,nubank,"[-1.0, -1.0, -1.0, -1.0]"
1609157425009135616,2022-12-31 09:00:01 -03,,pt,itau,"[-1.0, -1.0, -1.0, -1.0]"
1612571988685647872,2023-01-09 19:08:16 -03,,pt,bradesco,"[-1.0, -1.0, 1.0, -1.0]"
1615083484237758473,2023-01-16 17:28:04 -03,,pt,nubank,"[0.0, 0.0, 0.0, 0.0, 0.0]"
1623778633352458243,2023-02-09 17:19:29 -03,,pt,santander,"[0.0, 0.0, 0.0, 0.0]"
1600553424738828309,2022-12-07 15:10:47 -03,,pt,itau,"[0.0, 0.0, 0.0, -1.0]"
1620588218147291136,2023-01-31 22:01:54 -03,,pt,itau,"[-1.0, -1.0, -1.0, -1.0, -1.0]"
1620574867983831040,2023-01-31 21:08:52 -03,,pt,nubank,"[0.0, 0.0, -1.0, 0.0]"
1612484008805556224,2023-01-09 13:18:40 -03,,pt,banco pan,"[-1.0, -1.0, -1.0, -1.0]"
1617732149171621890,2023-01-24 00:52:55 -03,,pt,bradesco,"[0.0, 0.0, -1.0, 0.0]"
1614772514604949504,2023-01-15 20:52:23 -03,,pt,nubank,"[-1.0, -1.0, -1.0, -1.0]"
1617951198975528960,2023-01-24 15:23:20 -03,,pt,banco do brasil,"[0.0, 0.0, 0.0, 0.0]"
1596482639980027904,2022-11-26 09:34:57 -03,,pt,banco pan,"[0.0, 0.0, 1.0, 0.0]"
1610370479373647872,2023-01-03 17:20:16 -03,,pt,banco do brasil,"[0.0, 0.0, 1.0, 1.0, 1.0]"
1601307640239247362,2022-12-09 17:07:46 -03,,pt,nubank,"[0.0, -1.0, 0.0, 1.0, -1.0]"
1596682758323331072,2022-11-26 22:50:09 -03,,pt,itau,"[-1.0, 0.0, -1.0, -1.0]"
1595477313063460865,2022-11-23 15:00:08 -03,,pt,nubank,"[0.0, -1.0, 0.0]"
1616038652345212929,2023-01-19 08:43:33 -03,,pt,bradesco,"[-1.0, -1.0, -1.0, 0.0]"
1609743255049994241,2023-01-01 23:47:54 -03,,pt,itau,"[0.0, 0.0, 0.0, 0.0, 0.0]"
1645857978795413506,2023-04-11 15:34:55 -03,,pt,nubank,"[0.0, -1.0, -1.0, 1.0, -1.0]"
1604839436172242944,2022-12-19 11:01:52 -03,,pt,nubank,"[-1.0, -1.0, -1.0, -1.0]"
1614684503284252674,2023-01-15 15:02:39 -03,,pt,nubank,"[0.0, 0.0, 0.0, -1.0]"
1606733275120164865,2022-12-24 16:27:19 -03,,pt,itau,"[0.0, 0.0, -1.0, 1.0, 1.0]"
1605034983663566855,2022-12-19 23:58:54 -03,,pt,banco do brasil,"[0.0, 0.0, 0.0, 1.0]"
1595867387471044611,2022-11-24 16:50:09 -03,,pt,itau,"[1.0, 1.0, 1.0, 1.0]"
1605759200881020928,2022-12-21 23:56:41 -03,,pt,itau,"[-1.0, -1.0, -1.0, -1.0]"
1621587322243354627,2023-02-03 16:11:59 -03,,pt,nubank,"[1.0, 0.0, 0.0, 0.0]"
1612258595449540608,2023-01-08 22:22:58 -03,,pt,itau,"[-1.0, 0.0, 0.0, 0.0, -1.0]"
1600298967236890624,2022-12-06 22:19:40 -03,,pt,nubank,"[-1.0, 0.0, 1.0, 1.0]"
1612410690718900224,2023-01-09 08:27:20 -03,,pt,bradesco,"[-1.0, -1.0, -1.0, -1.0]"
1599514722188988416,2022-12-04 18:23:21 -03,,pt,nubank,"[1.0, 1.0, 1.0, 0.0]"
1607086591893458947,2022-12-25 15:51:16 -03,,pt,banco do brasil,"[-1.0, 0.0, 1.0, 0.0]"
1610028503461777411,2023-01-02 18:41:22 -03,,pt,banco do brasil,"[0.0, 0.0, 0.0, 0.0]"
1602260929554571264,2022-12-12 08:15:48 -03,,pt,bradesco,"[0.0, 0.0, 0.0, -1.0]"
1621659395510648833,2023-02-03 20:58:23 -03,,pt,nubank,"[-1.0, 0.0, -1.0, 0.0]"
1622655585962409984,2023-02-06 14:56:53 -03,,pt,interbr,"[0.0, 0.0, 0.0, 0.0, 0.0]"
1621319246553792512,2023-02-02 22:26:45 -03,,pt,itau,"[0.0, 1.0, 0.0, 1.0, 0.0]"
1612479703851360259,2023-01-09 13:01:34 -03,,pt,bradesco,"[0.0, -1.0, 0.0, -1.0]"
1600696707578482690,2022-12-08 00:40:09 -03,,pt,santander,"[0.0, 0.0, -1.0, 0.0]"
1594999309497696265,2022-11-22 07:20:43 -03,,pt,nubank,"[-1.0, -1.0, -1.0, -1.0]"
1618004712913272835,2023-01-24 18:55:59 -03,,pt,itau,"[-1.0, -1.0, -1.0, -1.0, -1.0]"
1608455625310371840,2022-12-29 10:31:19 -03,,pt,itau,"[0.0, 0.0]"
1595072680713392129,2022-11-22 12:12:16 -03,,pt,nubank,"[-1.0, -1.0, -1.0, -1.0]"
1647034932835885058,2023-04-14 21:31:43 -03,,pt,banco do brasil,"[-1.0, 0.0, 0.0, 0.0]"
1620172356839931904,2023-01-30 18:29:25 -03,,pt,nubank,"[1.0, 1.0, 1.0, 1.0]"
1597247722767413249,2022-11-28 12:15:07 -03,,pt,nubank,"[0.0, 0.0, 0.0, 0.0]"
1615109280989945878,2023-01-16 19:10:34 -03,,pt,nubank,"[0.0, 0.0, -1.0, 1.0, -1.0]"
1594706321156280321,2022-11-21 11:56:29 -03,,pt,nubank,"[0.0, -1.0, -1.0, 0.0]"
1596282575471153152,2022-11-25 20:19:58 -03,,pt,nubank,"[-1.0, -1.0, -1.0, -1.0]"
1608107253583810563,2022-12-28 11:27:01 -03,,pt,interbr,"[0.0, 0.0, 0.0, -1.0]"
1618733375887495169,2023-01-26 19:11:26 -03,,pt,banco pan,"[0.0, 0.0, -1.0, 0.0]"
1621146150953963521,2023-02-02 10:58:56 -03,,pt,nubank,"[0.0, 0.0, 0.0, 0.0]"
1619904757128368128,2023-01-30 00:46:05 -03,,pt,bradesco,"[-1.0, -1.0, -1.0, -1.0]"
1608929950765297665,2022-12-30 17:56:07 -03,,pt,banco do brasil,"[-1.0, -1.0, 0.0]"
1621315295687352325,2023-02-02 22:11:03 -03,,pt,nubank,"[0.0, 0.0, 0.0]"
1622696282862264321,2023-02-06 17:38:36 -03,,pt,nubank,"[1.0, 1.0, 1.0, 1.0, 1.0]"
1602441256122073089,2022-12-12 20:12:22 -03,,pt,itau,"[0.0, -1.0, -1.0, 0.0]"
1603450368263962637,2022-12-15 15:02:13 -03,,pt,bradesco,"[-1.0, -1.0, -1.0, -1.0]"
1596850427563503620,2022-11-27 09:56:24 -03,,pt,nubank,"[0.0, -1.0, 0.0]"
1595620825859751936,2022-11-24 00:30:24 -03,,pt,bradesco,"[-1.0, -1.0, -1.0, -1.0, -1.0]"
1618013799751249920,2023-01-24 19:32:05 -03,,pt,nubank,"[-1.0, -1.0, -1.0, -1.0, -1.0]"
1599809505910738944,2022-12-05 13:54:43 -03,,pt,nubank,"[0.0, 0.0, 0.0, 0.0]"
1604902713153753112,2022-12-19 15:13:19 -03,,pt,nubank,"[0.0, 0.0, 0.0, -1.0]"
1646661791777161217,2023-04-13 20:48:59 -03,,pt,itau,"[0.0, 0.0, 0.0, 0.0, 0.0]"
1617792834232520705,2023-01-24 04:54:03 -03,,pt,banco do brasil,"[-1.0, 0.0, -1.0, -1.0]"
1600636270728052736,2022-12-07 20:39:59 -03,,pt,itau,"[0.0, -1.0, -1.0, 0.0]"
1608867115485876227,2022-12-30 13:46:26 -03,,pt,banco do brasil,"[0.0, 0.0, 0.0, 0.0]"
1617640950872043521,2023-01-23 18:50:31 -03,,pt,nubank,"[-1.0, -1.0, -1.0, -1.0]"
1613663807695458309,2023-01-12 19:26:46 -03,,pt,itau,"[0.0, 0.0, 0.0, -1.0, -1.0]"
1613508496648970241,2023-01-12 09:09:37 -03,,pt,nubank,"[-1.0, 0.0, -1.0, -1.0, 0.0]"
1616112818410995717,2023-01-19 13:38:16 -03,,pt,banco pan,"[-1.0, -1.0, -1.0, -1.0]"
1611372649501925378,2023-01-06 11:42:32 -03,,pt,itau,"[-1.0, -1.0, -1.0, -1.0, -1.0]"
1603571113275101184,2022-12-15 23:02:00 -03,,pt,nubank,"[1.0, 1.0, 0.0, 0.0]"
1617453970418720771,2023-01-23 06:27:32 -03,,pt,itau,"[-1.0, -1.0, 0.0, 0.0]"
1602774697413951493,2022-12-13 18:17:20 -03,,pt,nubank,"[0.0, 0.0, 0.0]"
1605026091617452033,2022-12-19 23:23:34 -03,,pt,nubank,"[-1.0, -1.0, -1.0, -1.0]"
1608192077803782148,2022-12-28 17:04:04 -03,,pt,itau,"[-1.0, -1.0, 0.0, -1.0]"
1595350122484973569,2022-11-23 06:34:44 -03,,pt,itau,"[0.0, 0.0, 0.0]"
1595054940787191808,2022-11-22 11:01:47 -03,,pt,nubank,"[-1.0, 0.0, 0.0, -1.0]"
1600524135523909640,2022-12-07 13:14:24 -03,,pt,interbr,"[-1.0, -1.0, -1.0, -1.0]"
1613527366902468608,2023-01-12 10:24:36 -03,,pt,nubank,"[0.0, 0.0, 0.0]"
1645934775675355137,2023-04-11 20:40:05 -03,,pt,banco do brasil,"[-1.0, -1.0, -1.0, -1.0, -1.0]"
1645511244386820097,2023-04-10 16:37:07 -03,,pt,nubank,"[-1.0, -1.0, -1.0, -1.0, -1.0]"
1597264858176958465,2022-11-28 13:23:12 -03,,pt,nubank,"[1.0, 1.0, 1.0, 0.0]"
1603568727848624128,2022-12-15 22:52:32 -03,,pt,bradesco,"[0.0, 0.0, 0.0]"
1621828656988409856,2023-02-04 08:10:58 -03,,pt,nubank,"[-1.0, -1.0, 0.0, -1.0]"
1605173218004062208,2022-12-20 09:08:12 -03,,pt,santander,"[1.0, 1.0, 1.0, 0.0]"
1596137086280937473,2022-11-25 10:41:50 -03,,pt,banco pan,"[-1.0, -1.0, -1.0, -1.0]"
1617938210965053442,2023-01-24 14:31:43 -03,,pt,itau,"[0.0, 0.0, 0.0, 1.0, 1.0]"
1619299973161701382,2023-01-28 08:42:53 -03,,pt,itau,"[-1.0, 0.0, 0.0, -1.0]"
1621715903724257280,2023-02-04 00:42:56 -03,,pt,santander,"[-1.0, -1.0, -1.0, -1.0]"
1622604790936006662,2023-02-06 11:35:03 -03,,pt,nubank,"[0.0, 0.0, 0.0, 0.0]"
1622601209428189186,2023-02-06 11:20:49 -03,,pt,bradesco,"[0.0, 0.0, -1.0, 0.0, -1.0]"
1611461640469483521,2023-01-06 17:36:09 -03,,pt,nubank,"[-1.0, 0.0, 0.0, -1.0]"
1606087541601570816,2022-12-22 21:41:24 -03,,pt,itau,"[0.0, 0.0, 0.0, 0.0]"
1596170763933024257,2022-11-25 12:55:40 -03,,pt,nubank,"[1.0, 1.0, 1.0, 1.0, 1.0]"
1594799116659335186,2022-11-21 18:05:14 -03,,pt,nubank,"[0.0, 1.0, 0.0, -1.0]"
1615029341234003974,2023-01-16 13:52:55 -03,,pt,nubank,"[0.0, 0.0, 0.0, 0.0]"
1614637401908854785,2023-01-15 11:55:29 -03,,pt,nubank,"[0.0, -1.0, -1.0, -1.0, -1.0]"
1596820895976542208,2022-11-27 07:59:03 -03,,pt,interbr,"[-1.0, 0.0, -1.0, -1.0]"
1616528872165572612,2023-01-20 17:11:31 -03,,pt,banco pan,"[0.0, 0.0, 0.0]"
1601993278018277376,2022-12-11 14:32:15 -03,,pt,nubank,"[-1.0, 0.0, -1.0, 1.0, -1.0]"
1620452642672574464,2023-01-31 13:03:11 -03,,pt,itau,"[0.0, 0.0, 0.0, 0.0]"
1610449362328461312,2023-01-03 22:33:43 -03,,pt,itau,"[0.0, 0.0, 0.0, -1.0]"
1594823099144445965,2022-11-21 19:40:31 -03,,pt,nubank,"[0.0, 0.0, 0.0]"
1621348261490483201,2023-02-03 00:22:03 -03,,pt,nubank,"[1.0, 0.0, 0.0, 1.0]"
1616470855739113472,2023-01-20 13:20:59 -03,,pt,nubank,"[0.0, -1.0, -1.0, -1.0]"
1595475291031437313,2022-11-23 14:52:06 -03,,pt,nubank,"[-1.0, -1.0, -1.0, -1.0, -1.0]"
1620438548255215617,2023-01-31 12:07:10 -03,,pt,bradesco,"[0.0, 0.0, 0.0, -1.0]"
1606031814958534656,2022-12-22 17:59:57 -03,,pt,nubank,"[-1.0, -1.0, -1.0, 0.0]"
1595031126367666178,2022-11-22 09:27:09 -03,,pt,interbr,"[1.0, 1.0, 1.0, 1.0]"
1614702458810368004,2023-01-15 16:14:00 -03,,pt,bradesco,"[-1.0, 0.0, -1.0, -1.0]"
1617512600325038080,2023-01-23 10:20:30 -03,,pt,nubank,"[0.0, 0.0, 0.0, 0.0]"
1621675345882521600,2023-02-03 22:01:46 -03,,pt,itau,"[0.0, 0.0, 0.0]"
1606259028279058438,2022-12-23 09:02:49 -03,,pt,itau,"[1.0, 1.0, 1.0, 1.0]"
1615771717762428928,2023-01-18 15:02:51 -03,,pt,itau,"[0.0, 0.0, 1.0, 1.0]"
1619048382814732295,2023-01-27 16:03:09 -03,,pt,itau,"[0.0, 0.0, 0.0]"
1614942777707737088,2023-01-16 08:08:57 -03,,pt,nubank,"[0.0, 0.0, -1.0, 0.0, -1.0]"
1600953451961262098,2022-12-08 17:40:21 -03,,pt,brb_oficial,"[0.0, 0.0, 0.0]"
1620756845647233024,2023-02-01 09:11:58 -03,,pt,interbr,"[0.0, 0.0, 0.0]"
1601383613425405952,2022-12-09 22:09:40 -03,,pt,nubank,"[-1.0, -1.0, -1.0, -1.0]"
1613324587764224000,2023-01-11 20:58:50 -03,,pt,nubank,"[-1.0, -1.0, 0.0]"
1599821153471647744,2022-12-05 14:41:00 -03,,pt,banco do brasil,"[1.0, 1.0, 1.0, 1.0]"
1597256680953507842,2022-11-28 12:50:42 -03,,pt,itau,"[1.0, 1.0, 0.0, 0.0]"
1600618263045611548,2022-12-07 19:28:26 -03,,pt,interbr,"[-1.0, 0.0, -1.0, -1.0]"
1595503472195108864,2022-11-23 16:44:05 -03,,pt,nubank,"[0.0, 0.0, 0.0, 0.0]"
1621589936238432256,2023-02-03 16:22:23 -03,,pt,nubank,"[0.0, 1.0, 1.0, 1.0, 1.0]"
1603876196114128913,2022-12-16 19:14:18 -03,,pt,nubank,"[0.0, 0.0, -1.0, -1.0]"
1608219077054455809,2022-12-28 18:51:21 -03,,pt,interbr,"[0.0, 0.0, 0.0]"
1615528870639280129,2023-01-17 22:57:52 -03,,pt,itau,"[0.0, 1.0, 1.0, 1.0, 1.0]"
1613262745369214981,2023-01-11 16:53:06 -03,,pt,bradesco,"[-1.0, -1.0, -1.0, -1.0, -1.0]"
1605874437022224385,2022-12-22 07:34:36 -03,,pt,itau,"[0.0, 0.0, 0.0, 1.0, 0.0]"
1620920192439296000,2023-02-01 20:01:03 -03,,pt,nubank,"[-1.0, -1.0, -1.0, -1.0]"
1622749928282882048,2023-02-06 21:11:46 -03,,pt,nubank,"[0.0, 1.0, 0.0, 1.0, 0.0]"
1615134351595036677,2023-01-16 20:50:11 -03,,pt,itau,"[-1.0, -1.0, -1.0, -1.0]"
1613241088348651520,2023-01-11 15:27:02 -03,,pt,itau,"[0.0, 0.0, 0.0, 0.0]"
1602827836620001280,2022-12-13 21:48:30 -03,,pt,bradesco,"[-1.0, -1.0, -1.0, -1.0]"
1616158720563478531,2023-01-19 16:40:40 -03,,pt,nubank,"[-1.0, -1.0, -1.0]"
1612593879114473473,2023-01-09 20:35:15 -03,,pt,bradesco,"[0.0, 0.0, 0.0, 0.0]"
1596116313977806853,2022-11-25 09:19:18 -03,,pt,banco do brasil,"[1.0, 1.0, 0.0, 0.0]"
1599592639187353600,2022-12-04 23:32:58 -03,,pt,santander,"[0.0, 0.0, 0.0, 0.0, 0.0]"
1599867270926254080,2022-12-05 17:44:16 -03,,pt,nubank,"[0.0, -1.0, 0.0, -1.0]"
1604076151269654529,2022-12-17 08:28:51 -03,,pt,bradesco,"[1.0, 1.0, 1.0, 1.0, 1.0]"
1644749443244204033,2023-04-08 14:09:59 -03,,pt,banco pan,"[-1.0, -1.0, -1.0, -1.0]"
1595001589407834118,2022-11-22 07:29:47 -03,,pt,nubank,"[-1.0, 0.0, -1.0, -1.0]"
1595847499364929536,2022-11-24 15:31:07 -03,,pt,nubank,"[-1.0, -1.0, -1.0, -1.0]"
1613331618365571077,2023-01-11 21:26:46 -03,,pt,bradesco,"[0.0, 0.0, 0.0, -1.0]"
1597253463553212416,2022-11-28 12:37:55 -03,,pt,nubank,"[0.0, 0.0, -1.0, -1.0]"
1595887250465767424,2022-11-24 18:09:05 -03,,pt,itau,"[0.0, 1.0, 0.0]"
1612420483458146305,2023-01-09 09:06:15 -03,,pt,bradesco,"[0.0, 0.0, -1.0, 0.0, -1.0]"
1621525656625618945,2023-02-03 12:06:57 -03,,pt,bradesco,"[-1.0, -1.0, -1.0, -1.0]"
1623768495434391554,2023-02-09 16:39:12 -03,,pt,bradesco,"[-1.0, -1.0, -1.0, -1.0]"
1597374784815628288,2022-11-28 20:40:01 -03,,pt,banco do brasil,"[0.0, 0.0, 0.0, 1.0]"
1620518199753342980,2023-01-31 17:23:41 -03,,pt,nubank,"[-1.0, -1.0, -1.0, -1.0]"
1646287614498992131,2023-04-12 20:02:08 -03,,pt,bradesco,"[-1.0, -1.0, -1.0, -1.0, -1.0]"
1600171998356701184,2022-12-06 13:55:08 -03,,pt,nubank,"[-1.0, 0.0, -1.0, -1.0]"
1601445873984032768,2022-12-10 02:17:04 -03,,pt,itau,"[0.0, 0.0, -1.0, 0.0]"
1646712183500177408,2023-04-14 00:09:13 -03,,pt,itau,"[0.0, 0.0, 0.0, 1.0]"
1621614164664881152,2023-02-03 17:58:39 -03,,pt,santander,"[0.0, 0.0, 1.0, 0.0]"
1613173686034464769,2023-01-11 10:59:12 -03,,pt,itau,"[0.0, 1.0, 1.0, 1.0, 0.0]"
1612527834697986048,2023-01-09 16:12:49 -03,,pt,santander,"[-1.0, -1.0, -1.0, -1.0]"
1594796230881714189,2022-11-21 17:53:45 -03,,pt,santander,"[0.0, 0.0, 0.0, 1.0]"
1612332856365178881,2023-01-09 03:18:03 -03,,pt,santander,"[0.0, 0.0, 0.0, 0.0, 0.0]"
1620908064055640071,2023-02-01 19:12:52 -03,,pt,nubank,"[-1.0, -1.0, -1.0, -1.0]"
1615441254438895619,2023-01-17 17:09:43 -03,,pt,bradesco,"[-1.0, -1.0, -1.0, -1.0]"
1620497607905902592,2023-01-31 16:01:51 -03,,pt,itau,"[-1.0, 0.0, 0.0, -1.0]"
1595813857666412545,2022-11-24 13:17:27 -03,,pt,nubank,"[-1.0, -1.0, -1.0, -1.0, -1.0]"
1614650074574852097,2023-01-15 12:45:51 -03,,pt,nubank,"[0.0, 0.0, 0.0, -1.0]"
1600885393981075456,2022-12-08 13:09:55 -03,,pt,nubank,"[-1.0, 0.0, 0.0, 0.0]"
1614671784237735938,2023-01-15 14:12:07 -03,,pt,nubank,"[-1.0, 0.0, 0.0, 0.0]"
1601222710855495680,2022-12-09 11:30:18 -03,,pt,itau,"[-1.0, -1.0, -1.0, -1.0]"
1609356254874374145,2022-12-31 22:10:06 -03,,pt,itau,"[0.0, 0.0, 0.0, -1.0]"
1609567623259332610,2023-01-01 12:10:00 -03,,pt,itau,"[-1.0, 0.0, 0.0, 0.0]"
1646390150660759552,2023-04-13 02:49:35 -03,,pt,banco do brasil,"[0.0, 0.0, 0.0]"
1617959240236425218,2023-01-24 15:55:17 -03,,pt,santander,"[1.0, 1.0, 0.0, 1.0]"
1622257537176244225,2023-02-05 12:35:11 -03,,pt,santander,"[-1.0, -1.0, -1.0, -1.0, -1.0]"
1645138652467535872,2023-04-09 15:56:34 -03,,pt,bradesco,"[0.0, 0.0, 0.0, 0.0, 0.0]"
1622920960079691779,2023-02-07 08:31:23 -03,,pt,btg pctual,"[0.0, 0.0, 0.0, 0.0]"
1595819363680092160,2022-11-24 13:39:19 -03,,pt,nubank,"[-1.0, 0.0, 0.0, -1.0]"
1606074271154917376,2022-12-22 20:48:40 -03,,pt,itau,"[0.0, 0.0, 0.0]"
1616807981336694786,2023-01-21 11:40:36 -03,,pt,itau,"[0.0, 0.0, 1.0, 1.0]"
1609247410404077568,2022-12-31 14:57:35 -03,,pt,itau,"[0.0, 1.0, 1.0, 1.0, 1.0]"
1608805723714248707,2022-12-30 09:42:29 -03,,pt,santander,"[-1.0, -1.0, -1.0, -1.0]"
1600262805608976391,2022-12-06 19:55:58 -03,,pt,bradesco,"[0.0, 0.0, 0.0]"
1594773219621408777,2022-11-21 16:22:19 -03,,pt,nubank,"[0.0, 0.0, 1.0, 1.0, 1.0]"
1614087698133704707,2023-01-13 23:31:10 -03,,pt,itau,"[0.0, 0.0, 0.0, 0.0]"
1614732999479656448,2023-01-15 18:15:22 -03,,pt,itau,"[0.0, 1.0, 1.0]"
1623737053098770437,2023-02-09 14:34:15 -03,,pt,itau,"[0.0, 0.0, 0.0, 0.0]"
1646997340731875330,2023-04-14 19:02:20 -03,,pt,banco do brasil,"[-1.0, -1.0, -1.0, -1.0, -1.0]"
1603495112826314762,2022-12-15 18:00:01 -03,,pt,itau,"[1.0, 1.0, 0.0, 0.0]"
1610360829966180352,2023-01-03 16:41:55 -03,,pt,banco do brasil,"[1.0, 1.0, 1.0, 0.0]"
1603112287942107138,2022-12-14 16:38:48 -03,,pt,santander,"[0.0, 0.0, 0.0, 0.0]"
1595803472473251840,2022-11-24 12:36:11 -03,,pt,interbr,"[-1.0, -1.0, -1.0, -1.0]"
1614395450085236737,2023-01-14 19:54:03 -03,,pt,nubank,"[-1.0, 0.0, -1.0, -1.0]"
1645765690756853762,2023-04-11 09:28:12 -03,,pt,interbr,"[-1.0, 0.0, -1.0, -1.0, -1.0]"
1612805275769266177,2023-01-10 10:35:16 -03,,pt,bradesco,"[-1.0, 0.0, 0.0, -1.0, 0.0]"
1595066678597062658,2022-11-22 11:48:25 -03,,pt,nubank,"[-1.0, 0.0, -1.0, -1.0]"
1618820280679530496,2023-01-27 00:56:45 -03,,pt,interbr,"[0.0, 0.0, -1.0, -1.0]"
1645609169989320710,2023-04-10 23:06:14 -03,,pt,nubank,"[0.0, 0.0, 0.0, 1.0, 0.0]"
1612786731090051072,2023-01-10 09:21:35 -03,,pt,bradesco,"[0.0, 0.0, 0.0, 0.0, 0.0]"
1602366204810780672,2022-12-12 15:14:08 -03,,pt,itau,"[0.0, 0.0, 0.0]"
1599838635167473664,2022-12-05 15:50:28 -03,,pt,itau,"[1.0, 1.0, 1.0, 0.0]"
1610010770330292226,2023-01-02 17:30:54 -03,,pt,nubank,"[-1.0, -1.0, -1.0, 0.0]"
1616780357076135940,2023-01-21 09:50:50 -03,,pt,nubank,"[0.0, 0.0, 0.0, 0.0]"
1614058456960450562,2023-01-13 21:34:58 -03,,pt,itau,"[0.0, 0.0, 0.0, 0.0]"
1615038686806016021,2023-01-16 14:30:03 -03,,pt,nubank,"[0.0, 0.0, 0.0, 0.0]"
1617693266669109249,2023-01-23 22:18:24 -03,,pt,itau,"[0.0, 0.0, 0.0, 0.0]"
1600133228844941313,2022-12-06 11:21:05 -03,,pt,nubank,"[0.0, 1.0, 0.0, 0.0, 1.0]"
1612231098393665541,2023-01-08 20:33:42 -03,,pt,santander,"[0.0, -1.0, -1.0, 0.0, 1.0]"
1620500537673228296,2023-01-31 16:13:30 -03,,pt,interbr,"[0.0, 0.0, 0.0, 0.0]"
1612427853299163136,2023-01-09 09:35:32 -03,,pt,nubank,"[0.0, 0.0, 0.0, 0.0]"
1612267653204262921,2023-01-08 22:58:57 -03,,pt,itau,"[-1.0, 0.0, -1.0, -1.0]"
1622228242492006400,2023-02-05 10:38:47 -03,,pt,itau,"[1.0, 1.0, 1.0, 1.0, 1.0]"
1621332508578127872,2023-02-02 23:19:27 -03,,pt,banco pan,"[-1.0, -1.0, -1.0, -1.0]"
1612570421387485184,2023-01-09 19:02:03 -03,,pt,bradesco,"[0.0, 0.0, 0.0, 0.0]"
1603412739044540418,2022-12-15 12:32:41 -03,,pt,bradesco,"[0.0, 0.0, 0.0]"
1596138519474606081,2022-11-25 10:47:32 -03,,pt,itau,"[-1.0, -1.0, -1.0, -1.0]"
1608810787585544193,2022-12-30 10:02:36 -03,,pt,interbr,"[0.0, 1.0, 1.0, 0.0, 1.0]"
1611539801022562304,2023-01-06 22:46:44 -03,,pt,nubank,"[-1.0, 0.0, -1.0, -1.0]"
1600255004694020096,2022-12-06 19:24:59 -03,,pt,bradesco,"[0.0, 0.0, 0.0, 0.0, 1.0]"
1602175327840632833,2022-12-12 02:35:39 -03,,pt,banco do brasil,"[0.0, 0.0, 0.0]"
1615230172185382913,2023-01-17 03:10:57 -03,,pt,itau,"[0.0, 0.0, 0.0, -1.0]"
1616072556573855744,2023-01-19 10:58:17 -03,,pt,bradesco,"[-1.0, -1.0, -1.0, -1.0]"
1595283230017601537,2022-11-23 02:08:55 -03,,pt,nubank,"[0.0, 1.0, 1.0, 1.0, 1.0]"
1602304064783523845,2022-12-12 11:07:13 -03,,pt,bradesco,"[-1.0, -1.0, -1.0, -1.0, -1.0]"
1612435261790494722,2023-01-09 10:04:58 -03,,pt,bradesco,"[0.0, 0.0, 0.0, -1.0]"
1623070493975752706,2023-02-07 18:25:35 -03,,pt,interbr,"[-1.0, -1.0, 0.0, -1.0]"
1617717209421467649,2023-01-23 23:53:33 -03,,pt,banco do brasil,"[0.0, -1.0, -1.0]"
1620528603359481860,2023-01-31 18:05:01 -03,,pt,santander,"[-1.0, -1.0, -1.0, -1.0, -1.0]"
1623324019834355712,2023-02-08 11:13:00 -03,,pt,santander,"[-1.0, -1.0, -1.0, -1.0]"
1623426269277827073,2023-02-08 17:59:19 -03,,pt,bradesco,"[0.0, 0.0, 0.0, 0.0]"
1606360496453582864,2022-12-23 15:46:01 -03,,pt,santander,"[0.0, 0.0, 0.0]"
1594772783728312322,2022-11-21 16:20:35 -03,,pt,itau,"[0.0, 0.0, 0.0, 1.0, 0.0]"
1603384565652914177,2022-12-15 10:40:44 -03,,pt,bradesco,"[-1.0, 0.0, 0.0, 0.0, -1.0]"
1613542920480587776,2023-01-12 11:26:25 -03,,pt,interbr,"[0.0, 0.0, 1.0, 0.0]"
1645779615414116352,2023-04-11 10:23:32 -03,,pt,itau,"[1.0, 0.0, 0.0, 0.0]"
1595414638648299521,2022-11-23 10:51:05 -03,,pt,nubank,"[0.0, 0.0, 0.0, 0.0]"
1618975318613848069,2023-01-27 11:12:49 -03,,pt,itau,"[-1.0, -1.0, -1.0, -1.0]"
1605697150255599617,2022-12-21 19:50:07 -03,,pt,nubank,"[0.0, 0.0, 0.0, 0.0, 0.0]"
1612250806270451714,2023-01-08 21:52:01 -03,,pt,itau,"[1.0, 1.0, 1.0, 1.0]"
1596226285893976064,2022-11-25 16:36:17 -03,,pt,santander,"[0.0, 0.0, 0.0, 0.0]"
1615141595317256193,2023-01-16 21:18:58 -03,,pt,nubank,"[-1.0, 0.0, -1.0, 0.0]"
1595978886260588546,2022-11-25 00:13:12 -03,,pt,nubank,"[1.0, 1.0, 1.0, 0.0]"
1620207975561596928,2023-01-30 20:50:58 -03,,pt,santander,"[-1.0, -1.0, -1.0, -1.0]"
1595484906817306645,2022-11-23 15:30:19 -03,,pt,bradesco,"[0.0, 0.0, 0.0]"
1595094448077246468,2022-11-22 13:38:46 -03,,pt,bradesco,"[-1.0, -1.0, 0.0, -1.0]"
1620877108657676291,2023-02-01 17:09:51 -03,,pt,nubank,"[-1.0, -1.0, -1.0, -1.0]"
1600508979502845952,2022-12-07 12:14:11 -03,,pt,interbr,"[0.0, -1.0, -1.0]"
1622352989313712129,2023-02-05 18:54:29 -03,,pt,nubank,"[0.0, 0.0, 0.0, 0.0]"
1619757738351038464,2023-01-29 15:01:53 -03,,pt,nubank,"[0.0, 0.0, 0.0, 0.0, -1.0]"
1645563947339382786,2023-04-10 20:06:32 -03,,pt,nubank,"[0.0, 0.0, 0.0, 0.0]"
1595071938829119488,2022-11-22 12:09:19 -03,,pt,nubank,"[-1.0, -1.0, -1.0, -1.0]"
1605925575671119873,2022-12-22 10:57:48 -03,,pt,banco do brasil,"[0.0, 0.0, 0.0, 0.0, 1.0]"
1601261023616724995,2022-12-09 14:02:32 -03,,pt,bradesco,"[-1.0, -1.0, -1.0, -1.0]"
1606127693556289539,2022-12-23 00:20:57 -03,,pt,nubank,"[-1.0, 0.0, -1.0, -1.0]"
1602782013358055427,2022-12-13 18:46:24 -03,,pt,banco do brasil,"[0.0, -1.0, -1.0, -1.0, 0.0]"
1612112600241684482,2023-01-08 12:42:50 -03,,pt,nubank,"[0.0, 0.0, -1.0, 1.0]"
1617971029586120704,2023-01-24 16:42:08 -03,,pt,nubank,"[-1.0, -1.0, -1.0, -1.0]"
1613976140636364800,2023-01-13 16:07:52 -03,,pt,santander,"[0.0, 0.0, 0.0, 0.0]"
1615318773711478786,2023-01-17 09:03:01 -03,,pt,itau,"[0.0, 0.0, 0.0, -1.0]"
1609325752129929216,2022-12-31 20:08:53 -03,,pt,itau,"[1.0, 0.0, 1.0, 1.0]"
1612533397871534090,2023-01-09 16:34:56 -03,,pt,bradesco,"[-1.0, 0.0, -1.0, -1.0]"
1602076597661667328,2022-12-11 20:03:20 -03,,pt,itau,"[-1.0, -1.0, -1.0, -1.0, -1.0]"
1603535857729798144,2022-12-15 20:41:55 -03,,pt,nubank,"[1.0, 0.0, 1.0, 1.0]"
1623089686863388672,2023-02-07 19:41:51 -03,,pt,nubank,"[0.0, -1.0, -1.0]"
1601276073274400768,2022-12-09 15:02:20 -03,,pt,nubank,"[0.0, 0.0, 0.0, 0.0]"
1599890650492637185,2022-12-05 19:17:10 -03,,pt,nubank,"[0.0, 0.0, -1.0, 0.0]"
1609688258937602048,2023-01-01 20:09:22 -03,,pt,banco do brasil,"[0.0, 0.0, 0.0, -1.0]"
1595045267119607808,2022-11-22 10:23:20 -03,,pt,nubank,"[0.0, 0.0, 0.0, 0.0, 0.0]"
1621887362610388994,2023-02-04 12:04:15 -03,,pt,nubank,"[0.0, 1.0, 0.0, 0.0]"
1606285011837079554,2022-12-23 10:46:04 -03,,pt,itau,"[-1.0, 0.0, 0.0, 0.0]"
1612423684534472706,2023-01-09 09:18:58 -03,,pt,bradesco,"[0.0, 0.0, -1.0, 0.0, -1.0]"
1623408666354372613,2023-02-08 16:49:22 -03,,pt,nubank,"[-1.0, 0.0, 0.0, -1.0]"
1595128186097922050,2022-11-22 15:52:50 -03,,pt,nubank,"[0.0, 0.0, 0.0, 0.0]"
1600078505621917696,2022-12-06 07:43:38 -03,,pt,bradesco,"[-1.0, -1.0, -1.0, -1.0]"
1599827840370761728,2022-12-05 15:07:35 -03,,pt,nubank,"[-1.0, 0.0, -1.0, -1.0, -1.0]"
1595392556464017408,2022-11-23 09:23:21 -03,,pt,nubank,"[0.0, 0.0, 0.0, 1.0]"
1617499194046173188,2023-01-23 09:27:14 -03,,pt,nubank,"[0.0, 0.0, 0.0, 0.0]"
1605989347068563456,2022-12-22 15:11:12 -03,,pt,interbr,"[-1.0, -1.0, 0.0, -1.0]"
1613977719385067520,2023-01-13 16:14:09 -03,,pt,santander,"[-1.0, -1.0, -1.0, -1.0, -1.0]"
1646920963869532171,2023-04-14 13:58:50 -03,,pt,bradesco,"[0.0, 0.0, 0.0, 0.0]"
1597272370821357568,2022-11-28 13:53:03 -03,,pt,banco do brasil,"[-1.0, -1.0, -1.0, -1.0]"
1604206285209350144,2022-12-17 17:05:57 -03,,pt,bradesco,"[-1.0, -1.0, -1.0, -1.0, -1.0]"
1599751329525530625,2022-12-05 10:03:33 -03,,pt,bradesco,"[0.0, -1.0, -1.0, -1.0]"
1617975543949070336,2023-01-24 17:00:04 -03,,pt,nubank,"[0.0, 0.0, 0.0, 0.0, 0.0]"
1603829335211012096,2022-12-16 16:08:05 -03,,pt,itau,"[-1.0, -1.0, -1.0, -1.0, -1.0]"
1622638774822764548,2023-02-06 13:50:05 -03,,pt,santander,"[0.0, 0.0, 0.0, 0.0, -1.0]"
1605218858641641473,2022-12-20 12:09:34 -03,,pt,nubank,"[0.0, 0.0, 0.0]"
1608213766872731651,2022-12-28 18:30:15 -03,,pt,itau,"[1.0, 0.0, 0.0, 0.0]"
1623660587107360768,2023-02-09 09:30:24 -03,,pt,banco pan,"[-1.0, 0.0, 0.0, 0.0]"
1599793448277549056,2022-12-05 12:50:55 -03,,pt,nubank,"[-1.0, 0.0, -1.0, 0.0]"
1607144008471707648,2022-12-25 19:39:25 -03,,pt,banco do brasil,"[0.0, 0.0, 0.0, 0.0, 0.0]"
1614338555517485057,2023-01-14 16:07:59 -03,,pt,itau,"[0.0, 0.0, 1.0, 0.0]"
1602261255850426369,2022-12-12 08:17:06 -03,,pt,bradesco,"[0.0, -1.0, -1.0, 0.0]"
1612416982413869062,2023-01-09 08:52:20 -03,,pt,bradesco,"[-1.0, -1.0, 0.0, -1.0]"
1595912400972251136,2022-11-24 19:49:01 -03,,pt,nubank,"[0.0, 0.0, -1.0, 0.0]"
1613214523074220050,2023-01-11 13:41:29 -03,,pt,interbr,"[0.0, 0.0, 0.0, -1.0, -1.0]"
1610353592980082688,2023-01-03 16:13:10 -03,,pt,nubank,"[-1.0, -1.0, -1.0, -1.0, -1.0]"
1647036810290241537,2023-04-14 21:39:10 -03,,pt,nubank,"[-1.0, -1.0, -1.0, -1.0]"
1614022265586294790,2023-01-13 19:11:09 -03,,pt,itau,"[-1.0, 0.0, 0.0, -1.0]"
1606389889083314214,2022-12-23 17:42:49 -03,,pt,santander,"[-1.0, 0.0, 0.0, -1.0]"
1646843815179722756,2023-04-14 08:52:17 -03,,pt,banco do brasil,"[-1.0, -1.0, -1.0, -1.0]"
1612846183780683776,2023-01-10 13:17:50 -03,,pt,nubank,"[0.0, 0.0, 1.0, 0.0, -1.0]"
1623016482081804302,2023-02-07 14:50:58 -03,,pt,santander,"[-1.0, 0.0, 0.0, -1.0]"
1607495769996808193,2022-12-26 18:57:12 -03,,pt,nubank,"[0.0, 0.0, 0.0, 0.0]"
1595120616105205760,2022-11-22 15:22:45 -03,,pt,nubank,"[0.0, 0.0, 0.0, 0.0]"
1596453958238732290,2022-11-26 07:40:58 -03,,pt,nubank,"[-1.0, 0.0, 0.0, -1.0, 0.0]"
1617277670274007042,2023-01-22 18:46:58 -03,,pt,itau,"[-1.0, -1.0, -1.0, -1.0]"
1620475034958438400,2023-01-31 14:32:09 -03,,pt,itau,"[-1.0, 0.0, 0.0, 1.0, 0.0]"
1619001771640381440,2023-01-27 12:57:56 -03,,pt,nubank,"[0.0, 0.0, 0.0]"
1602742518835290114,2022-12-13 16:09:28 -03,,pt,bradesco,"[-1.0, -1.0, -1.0, -1.0, -1.0]"
1601203754933420032,2022-12-09 10:14:58 -03,,pt,nubank,"[0.0, 0.0, 0.0, 0.0]"
1612298536678309888,2023-01-09 01:01:40 -03,,pt,itau,"[1.0, 1.0, 1.0, 1.0]"
1614633279457484802,2023-01-15 11:39:06 -03,,pt,nubank,"[-1.0, -1.0, 0.0, -1.0, -1.0]"
1606636144040501249,2022-12-24 10:01:21 -03,,pt,nubank,"[0.0, 0.0, 0.0, 0.0]"
1594753424700379136,2022-11-21 15:03:40 -03,,pt,nubank,"[0.0, 0.0, 1.0, 0.0, 1.0]"
1619787606405029888,2023-01-29 17:00:34 -03,,pt,nubank,"[0.0, 0.0, -1.0, 0.0]"
1612855649913769998,2023-01-10 13:55:27 -03,,pt,nubank,"[-1.0, -1.0, -1.0, -1.0]"
1614310027606560770,2023-01-14 14:14:37 -03,,pt,interbr,"[1.0, 1.0, 0.0, 0.0]"
1603013615401009154,2022-12-14 10:06:43 -03,,pt,interbr,"[-1.0, -1.0, 0.0, -1.0]"
1604694285928042497,2022-12-19 01:25:06 -03,,pt,santander,"[0.0, 0.0, 0.0, 0.0]"
1610066156110364673,2023-01-02 21:10:59 -03,,pt,nubank,"[-1.0, -1.0, 0.0, -1.0]"
1594710712114642944,2022-11-21 12:13:56 -03,,pt,nubank,"[0.0, 0.0, 0.0, 0.0]"
1620219291835695104,2023-01-30 21:35:56 -03,,pt,nubank,"[0.0, 0.0, 0.0, 1.0]"
1612307607942823938,2023-01-09 01:37:43 -03,,pt,bradesco,"[0.0, 0.0, 0.0, 0.0]"
1623778511906385921,2023-02-09 17:19:00 -03,,pt,nubank,"[0.0, 0.0, 1.0, -1.0, -1.0]"
1611402328715956225,2023-01-06 13:40:28 -03,,pt,bradesco,"[-1.0, -1.0, 0.0, 0.0]"
1594690878249275393,2022-11-21 10:55:07 -03,,pt,nubank,"[0.0, 1.0, 1.0, 1.0, 1.0]"
1621228139853611009,2023-02-02 16:24:44 -03,,pt,santander,"[0.0, 0.0, -1.0]"
1646997943818305538,2023-04-14 19:04:44 -03,,pt,nubank,"[-1.0, -1.0, -1.0, -1.0]"
1595399836882423808,2022-11-23 09:52:16 -03,,pt,nubank,"[0.0, 0.0, 0.0]"
1594729342525116417,2022-11-21 13:27:58 -03,,pt,nubank,"[0.0, 0.0, 0.0, -1.0, 0.0]"
1613363665465393154,2023-01-11 23:34:07 -03,,pt,itau,"[-1.0, -1.0, -1.0, -1.0]"
1623389027503054856,2023-02-08 15:31:19 -03,,pt,interbr,"[0.0, 0.0, 0.0, 0.0]"
1620457950455410688,2023-01-31 13:24:16 -03,,pt,itau,"[-1.0, -1.0, -1.0, -1.0]"
1607553821756071937,2022-12-26 22:47:52 -03,,pt,banco do brasil,"[0.0, 0.0, 0.0, 0.0]"
1602050316870062082,2022-12-11 18:18:54 -03,,pt,itau,"[-1.0, -1.0, -1.0, 0.0]"
1608981723676610560,2022-12-30 21:21:51 -03,,pt,banco do brasil,"[0.0, 0.0, 0.0]"
1612531386530799620,2023-01-09 16:26:56 -03,,pt,itau,"[0.0, 0.0, 0.0]"
1621477521790324736,2023-02-03 08:55:41 -03,,pt,nubank,"[0.0, 0.0, 0.0, 0.0]"
1615691926904180737,2023-01-18 09:45:48 -03,,pt,itau,"[0.0, 0.0, -1.0, 0.0]"
1646851900640247820,2023-04-14 09:24:24 -03,,pt,bradesco,"[-1.0, -1.0, -1.0, -1.0]"
1603811286394994688,2022-12-16 14:56:22 -03,,pt,itau,"[0.0, 0.0, 0.0, 0.0]"
